Date,NoDur,Durbl,Manuf,Enrgy,HiTec,Telcm,Shops,Hlth,Utils,Other
192607,1.44,13.9,4.7,-1.14,2.9,0.83,0.12,1.85,7.04,2.14
192608,3.99,3.7,2.8,3.43,2.66,2.17,-0.72,4.17,-1.7,4.35
192609,1.15,4.98,1.17,-3.3,-0.39,2.42,0.21,0.69,2.05,0.31
192610,-1.24,-8.39,-3.65,-0.78,-4.58,-0.11,-2.29,-0.57,-3.27,-2.85
192611,5.21,-0.17,4.27,0.01,4.71,1.63,6.45,5.43,4.4,2.13
192612,0.8,9.9,3.63,2.82,-0.04,1.99,0.62,0.09,-0.18,3.46
192701,-0.65,-0.92,-0.07,1.28,-1.13,1.88,-2.54,5.07,-1.79,1.5
192702,3.36,8.96,5.81,1.47,4.45,3.97,3.62,1.71,4.54,5.07
192703,2.77,1.62,1.45,-6.04,1.47,5.62,-0.46,1.01,0.37,1.17
192704,3.51,3.14,0.76,-5.17,5.4,-2.07,4.48,2.74,1.71,0.86
192705,8.3,5.95,5.08,4.78,7.37,3.35,2.34,4.13,9.23,6.56
192706,-1.97,-3.02,-2.81,-3.15,3.29,-2.16,-0.61,0.54,-3.58,-2.17
192707,4.84,13.1,12.08,2.86,12.37,3.73,9.86,9.84,5.5,6.09
192708,2.73,7.02,3.04,-0.04,5.51,0.43,7.35,0.27,3.26,-1.01
192709,5.27,5.66,4.44,3.31,1.21,6.55,7.5,5.66,8.29,4.58
192710,-0.64,-4.41,-6.7,-2.07,-7.24,-2.09,-4.94,5.14,-4.35,-3.83
192711,6.32,6.41,10.85,4.2,10.76,2.83,11.69,3.68,6.33,4.5
192712,2.5,7.78,3.08,-0.24,1.24,1.33,-0.68,-0.47,2.24,1.95
192801,0.47,-3.34,-0.57,-1.88,-0.39,0.29,-0.88,2.7,5.88,-0.95
192802,-3.97,1.28,-1.89,-0.18,-0.46,-0.3,-1.12,-3.44,-0.77,-2.01
192803,4.4,27.5,8.25,5.62,19.44,1.97,8.47,9.94,6.65,5.99
192804,-0.48,1.46,1.51,15.25,2.23,3.13,0.02,2.35,10.96,4.33
192805,0.9,5.65,3.52,-5.35,2.3,6.57,3.81,9.3,1.5,-0.01
192806,-4.4,-4.13,-4.95,-4.08,-5,-5.21,-3.4,-3.12,-3.44,-4.44
192807,1.68,0.98,1.99,1.05,0.65,-1.28,5.45,2.4,-1.23,-0.35
192808,6.11,9.1,8.68,2.41,9.75,4.55,13.56,14.72,6.48,4.75
192809,1.17,7.89,4.18,5.34,0.67,0.14,0.16,-1.14,3.79,1.09
192810,0.9,0.07,4.33,2.04,1.85,2.97,5.89,0.05,-1.91,-0.5
192811,6.59,4.53,13.1,17.28,19.56,6.68,15.31,5.05,22.01,10
192812,-0.31,-1.22,3.14,-4.36,7.23,-0.36,-1.32,-0.46,1.54,0.39
192901,3.22,1.31,11.01,-7.59,10.46,13.38,-3.88,3.41,13.3,5.59
192902,-2.54,0,3.42,-0.17,-1.13,-1.15,-2.41,0.04,-1.99,0.04
192903,-4.66,-1.88,-1.84,11.14,4.84,4.32,-5.13,-1.5,-3.18,-2.2
192904,1.78,-0.98,2.3,0.74,1.78,3.39,3.76,1.48,5.02,0.73
192905,-3.94,-15.16,-9.79,-5.59,0.34,-8.77,-8.67,-7.89,4.68,-0.29
192906,5.33,7.01,13.28,1.14,17.21,13.8,9.51,4.53,23.48,5.8
192907,3.22,-2.97,4.24,0.17,9.24,13.68,1.04,2.6,9.17,6.58
192908,4.76,3.03,9.38,11.37,12.54,10.98,7.82,3.13,9.01,7.67
192909,-3.56,-8.37,-7.18,-3.04,-7.56,-1.38,-5.48,-7.04,0.92,-6.31
192910,-10.75,-28.99,-19.74,-10.17,-27.77,-15.39,-24,-18.04,-29.72,-12.07
192911,-8.45,-17.35,-14.03,-6.39,-19.24,-9.47,-12.33,-7.85,-15.37,-9.43
192912,0.66,4.92,1.49,-1.17,10.8,1.06,-6.05,1.09,8.16,-0.74
193001,5.77,5.96,6.91,-0.75,10.61,1.2,4.74,2.55,8.51,5.13
193002,2.19,2.44,2.14,-4.51,7.75,7.06,-5.14,2.29,8.65,3.27
193003,2.13,11.37,6.88,18.07,8.15,8.88,-2.45,6.37,9.85,4.73
193004,0.54,-7.83,-7.39,6.46,1.97,-4.52,2.63,-1.27,3.31,-6.39
193005,1.34,4.2,-1.79,-3.73,-4.4,0.4,-0.17,-1.52,-1.28,-1
193006,-11.06,-22.35,-16.13,-15.51,-19.75,-8.32,-16.29,-11.93,-19.3,-11.88
193007,3.13,12.11,4.75,5.19,4.07,1.27,2.69,6.52,4.08,3.42
193008,2.01,-1.89,-0.06,-3.15,2.21,1.74,4.99,7.77,1.19,-0.38
193009,-8.91,-16.81,-14.44,-15.52,-18.31,-5.3,-10.94,-8.75,-11.94,-10.6
193010,-4.98,-11.64,-9.61,-8.43,-17.35,-4.12,-8.63,-4.37,-8.29,-8.45
193011,0.18,5.33,-0.34,-3.74,-3.24,-3.27,2.78,-3.11,-8.76,-5.17
193012,-4.62,-1.27,-8.25,-12.52,-10.78,-3.79,-13.45,-6.92,-3.68,-8.89
193101,5.38,8.02,3.52,5.86,5.25,4.79,7.2,8.24,5.61,11.96
193102,6.81,17.42,12.92,5.97,22.38,5.95,14.8,7.83,15.31,5.49
193103,-1.71,-3.82,-6.99,-14.55,-7.8,-3.61,-3.35,1.79,-2.86,-9.38
193104,-5.32,-7.88,-14.03,-13.78,-13.06,-4.25,-4.83,-3.62,-9.04,-10.01
193105,-11.05,-16.33,-16.49,-12.16,-12.93,-8.94,-3.24,-10.36,-11.17,-17.39
193106,10.78,14.65,17.4,17.43,18.76,10.32,7.88,9.72,10.93,16.41
193107,-3.82,-2.11,-10.25,-3.64,-10.39,-4.87,-1.55,2.61,-5.41,-9.91
193108,-0.62,-2.9,-0.12,9.48,3.72,0.82,3.06,0.39,0,-4.02
193109,-24.97,-34.86,-30.02,-30.53,-33.96,-21.7,-30.4,-29.59,-29.6,-26.78
193110,6.95,12.97,6.12,15.03,11.39,4.34,14.13,11.27,10.48,2.08
193111,-4.41,-3.72,-8.03,-8.73,-14.17,-6.86,-9.62,-2.83,-4.81,-19.16
193112,-9.76,-8.79,-15.41,-18.96,-13.59,-8,-15.43,-4.1,-13.25,-16.15
193201,2.03,-6.9,-0.49,-4.87,-11.43,-4.04,0.99,-2.66,-2.53,7.22
193202,5.62,2.02,5.92,8.72,6.29,11.63,4.08,2,7.08,-0.39
193203,-6.2,-22.2,-14.35,-1.13,-14.53,-10.13,-8.65,-6.5,-10.4,-16.23
193204,-11.53,-29.52,-22.96,-14.26,-24.17,-12.39,-15.41,-19.77,-15.65,-22.22
193205,-21.12,-18.79,-18.22,-5.29,-28.62,-10.81,-29.37,-34.77,-27.29,-30.65
193206,1.07,-7.81,-2.52,5.96,6.92,-9.71,-0.42,10.87,1.46,-1.56
193207,24.77,44.98,41.85,33.93,44.2,16.7,27.15,29.21,29.42,55.88
193208,22.85,45.44,46.46,19.54,45.67,28.17,33.09,36.14,43.55,58.75
193209,-0.96,8.52,-2.45,-10.4,-5.6,0.31,3,-11.93,-4.65,-4.2
193210,-11.42,-24.76,-15.84,-3.76,-19.04,-8.13,-12.68,-18.56,-10.83,-18
193211,-7.19,-2.93,-10.32,-4.56,-8.25,-1.13,-5.6,5.33,-3.62,-6.92
193212,3.78,4.33,3.29,0.12,7.41,3.68,4.88,6.78,9.15,4.91
193301,4.63,0.91,3.42,-2.93,1.41,0.31,-2.34,-1.14,-4.4,8.53
193302,-9.06,-24.66,-17.54,-13.34,-20.1,-7.77,-18.13,-10.96,-19.91,-16.44
193303,10.33,9.15,11.19,3.79,7.38,-6.2,8.5,-3.21,-13.05,3.65
193304,34.24,79.79,58.08,39.36,51.81,13.22,42.45,37.14,25.69,30.9
193305,12.68,26.03,26.04,17.48,19.83,17.37,17.28,23.66,19.3,31.56
193306,10.43,20.79,12.28,12.18,10.82,10.5,15.92,10.39,15.59,14.55
193307,-6.62,-7.06,-11.37,-12.05,-11.07,-4.36,-13.46,-19.11,-13.49,-6.66
193308,9.87,20.94,16.22,19.08,12.89,4.53,7.12,-0.42,-1.24,14.61
193309,-7.49,-15.41,-10.15,-2.69,-17.16,-3.7,-8.79,-1.34,-19.76,-16.43
193310,-9.12,-10.06,-8.13,-4.85,-9.73,-7.18,-7.84,-6.03,-7.52,-11.43
193311,5.21,25.48,13,14.71,12.94,5.63,14.47,9.45,-2.44,5.39
193312,-3.42,10.45,4.68,-1.21,1.39,-3.8,4.49,-11.78,1.06,4.71
193401,10.06,13.22,11.1,8.72,16.08,5.97,17.43,16.79,20.54,18.71
193402,-5.04,-2.07,-3.16,-3.39,-6.31,2.12,3.07,-3.6,-1.75,-1.9
193403,1.17,-0.3,-1.25,-1.33,3.18,1.26,2.4,-0.64,-1.81,0.81
193404,3.08,-6.85,-2.69,-1.99,-2.33,-1.25,-1.24,8,-3.76,-1.61
193405,-2.99,-12.82,-10.11,-4.62,-6.61,-4.3,-7.97,-0.34,-7.79,-7.41
193406,3.86,-2.75,4.25,1.2,2.79,1.27,2.42,2.03,4.32,3.13
193407,-5.12,-13.84,-11.57,-9.74,-11.89,-4.35,-8.36,-1.9,-17.26,-17.49
193408,4.23,10.89,7.51,6.11,6.6,2.56,4.71,-3.07,2.03,4.53
193409,0.25,0.68,-1.12,-2.32,-0.31,1.79,2.56,0.82,1.61,-0.33
193410,0.61,-2.09,-0.42,-4.68,-0.93,-1.44,1.62,-0.71,-7.6,-2.22
193411,8.51,17.67,12.6,7.02,13.54,-1.73,9.7,4.06,-0.29,5.65
193412,-0.94,3.56,2.21,0.68,3.69,-0.6,-1.04,0.61,-8.64,-0.13
193501,-1.4,-8.84,-2.4,-4.37,1.12,-0.46,-5.38,-0.86,-3.17,-6.73
193502,1.6,-3.5,-1.81,-3.38,0.2,1.04,-0.66,4.3,-12.19,-4.75
193503,-4.87,-5.82,-4.86,-3.82,-4.13,-0.72,-4.36,-3.14,12.36,-5.43
193504,5.99,5.72,9.04,15.49,10.24,9.13,6.92,3.18,11.15,8.77
193505,1.08,2.92,1.86,3.5,2.64,8.38,2.55,-4.08,13.77,3.91
193506,5.51,9.78,6.51,1.5,8.35,5.32,6.26,4.08,9.13,6.37
193507,3.14,19.09,10.61,0.14,9.6,5.74,7.51,3.2,9.23,8.13
193508,-1.57,8.98,3.24,-1.9,3.22,4.07,3.07,0.25,7.23,2.51
193509,1.69,11.1,4.23,-3.34,7.76,4.27,-0.58,1.1,-2.04,0.54
193510,4.49,13.64,5.85,13.54,8.8,3.11,1.22,5.98,14.16,2.45
193511,1.09,3.42,4.59,2.79,5.82,9.72,2.9,1.74,0.83,13.23
193512,2.1,5.8,3.68,14.07,3.51,-0.14,-1.03,2.35,5.63,4.25
193601,3.24,3.89,5.63,14.11,6.49,4.17,-2.81,3.46,12.54,12.41
193602,0.6,3.74,5.56,1.22,0.34,6.57,0.98,3.46,-6.6,2.84
193603,-2.09,10.18,2.43,1.66,-0.05,-3.43,1.15,3.51,0.65,-3.08
193604,-4.46,-10.15,-8.94,-10.22,-8.63,-5.63,-5.25,-9.2,-8.35,-7.43
193605,4.97,4.05,6.2,-0.59,5.22,6.46,6.73,4.8,9.53,7.37
193606,2.32,6.87,1.29,1.73,1.3,2.43,5.29,1.28,3.62,1.78
193607,2.96,4.91,7.69,4.74,12.06,2.44,6.4,4.66,11.59,9.64
193608,0.84,-0.28,1.65,-0.68,2.41,1.76,2.5,-1.48,-1.02,1.86
193609,-0.67,3.26,2.07,1.05,-1.25,0.31,2.74,0.77,-2.05,0.82
193610,3.37,5.08,7.73,12.23,5.74,5.09,11.27,3.78,5.73,8.06
193611,4.5,-1.45,5.45,1.48,5.51,3.87,10.98,3.37,-2.84,0.47
193612,-1.47,-7.28,1.94,9.09,2.63,-0.42,-8.17,-2.06,-1.63,-1.24
193701,2.51,7.27,4.6,2.41,8.62,-0.85,0.08,3.47,2.61,1.07
193702,0.89,-0.51,2.66,1.35,-1.32,-3.06,3.01,-3.73,-4.21,4.78
193703,-1.01,-4.13,1.35,3.52,-4.49,-2.1,-2.68,-5.03,-6.32,2.66
193704,-6.39,-7.91,-9.15,-5.31,-7.62,-5.25,-7.26,-3.32,-7.48,-6.85
193705,-0.45,-1.99,1,-0.22,0.8,1.53,-4.55,1.68,-5.3,-3.33
193706,-3.26,-10.77,-3.63,-2.68,-1.47,1.42,-1.59,-4.13,-5.27,-9.01
193707,5.07,13.23,9.21,8.42,9.55,3.27,10.34,4.14,19.33,8.74
193708,-2.48,-2.38,-4.44,-6.59,-4.76,-2.54,-4.27,1.1,-10.2,-8.36
193709,-9.14,-12.68,-17.48,-13.14,-14.13,-2.1,-14.14,-10.8,-11.76,-15.94
193710,-7.06,-12.89,-13.88,-6.96,-7.19,-5.36,-6.93,-3.55,-4.8,-9.96
193711,-5.88,-15.63,-9.29,-11.56,-4.46,-3.59,-14.42,-5.13,2.96,-6.78
193712,-2.32,-16.33,-2.46,-1.25,-2.2,-1.55,-6.75,-2.41,-10.73,-6.85
193801,2.84,11.05,-1.24,0.48,-2.47,-2.43,5.99,3.51,-5.72,0.49
193802,3.54,3.48,8.68,9.48,4.36,-2.32,9.52,8.62,3.63,4.9
193803,-15.99,-27.35,-25.78,-25.5,-27.88,-17.67,-22.4,-14.54,-19.66,-30.18
193804,12.37,14.85,13.88,16.31,16.76,13.47,16.34,11.82,14.78,14.6
193805,-0.25,-7.01,-6.9,-5.91,-3,0.83,-3.9,1.7,2.15,-3.93
193806,13.24,36.03,32.96,22.03,27.35,12.57,24.1,10.09,16.95,25.08
193807,6.62,19.89,6.8,7.35,5.85,1.28,9.07,5.8,0.67,10.01
193808,-4.03,5.98,-1.92,-8.85,-1.19,0.28,-2.42,0.36,-5.53,-3.74
193809,0.52,0.69,1.68,0.83,1.61,0.92,0.06,0,1.25,-1.23
193810,5.15,6.49,10.61,-1.41,10.08,3.56,8.19,5.62,21.09,11.08
193811,-2.5,-1.21,-1.45,-0.16,-4.35,0.65,-0.43,1.43,-7.02,-2.04
193812,2.78,2.13,5.6,4.94,3.1,2.58,0.92,0.86,3.95,5.97
193901,-1.92,-8.34,-9.41,-6.31,-7.5,1.81,-3.14,-0.96,1.21,-8.73
193902,2.47,7.1,3.12,-1.18,2.76,3.53,6.21,3.73,8.79,4.69
193903,-5.78,-17.64,-15.61,-8.35,-15.05,-2.31,-9.61,-4.36,-13.66,-15.1
193904,0.6,0.72,-1.32,-1.06,-2.71,2.75,-0.13,1,3.03,-1.78
193905,5.49,7.92,7.62,2.58,8.29,5.56,11.4,5.5,6.6,8.02
193906,-2.06,-6.78,-6.39,-5.96,-8.02,-3.84,-2.71,1.08,-3.55,-7.56
193907,6.23,17.58,12.9,2.95,14.04,6.51,8.72,3.08,12.72,12.15
193908,-7.39,-6.96,-6.79,-3.91,-8.11,-4.19,-7.36,-5.46,-6.04,-9.82
193909,4.78,23.73,27.01,25.57,12.26,2.36,1.6,7.06,3.6,25.76
193910,3.26,-1.4,-2.56,-3.93,-0.89,3.05,5.78,0.22,2.12,-1.61
193911,-0.47,-2.96,-6.01,-6.19,-2.63,0.97,-2.34,1.22,-1.5,-5.11
193912,3.18,3.88,3.97,-0.09,3.62,2.89,3.05,3.77,2.95,1.35
194001,1.69,-3.83,-4.63,-2.19,-4.2,-0.12,-0.95,-1.79,-0.05,-2.75
194002,0.94,2.06,2.7,0.96,-0.58,1.04,2.51,1.49,-1.25,0.86
194003,1.66,3.78,1.54,1.72,3.05,1.16,3.1,1.91,1.75,2.64
194004,1.75,-0.54,0.75,0.17,-1.49,0.33,-0.13,-0.31,-1.34,-0.74
194005,-20.95,-26.19,-22.22,-24.66,-20.79,-14.13,-24.47,-21.27,-20.01,-24.1
194006,5.4,8.68,4.21,5.69,3.02,8.76,9.03,4.93,17.47,8.45
194007,-0.02,5.92,4.33,3.2,5,1.97,4.39,-0.52,0.08,3.38
194008,1.34,7.53,2.5,1.43,3.32,-0.36,2.9,-2.29,-1.05,2.89
194009,2.53,3.17,4.14,-2.27,4.23,1.67,3.33,4.62,-2.19,2.45
194010,-1.42,3.94,4.11,6.31,2.43,1.61,0.08,-3,3.83,5.3
194011,-1,-0.74,-1.5,0.8,-2.85,0.6,-2.21,-1.86,-13.11,-0.14
194012,0.54,-3.29,1.18,2.35,-0.1,2.05,0.42,-0.23,1.77,0.22
194101,-0.52,-9.22,-7.09,-2.14,-2.56,-2.1,-3.64,-2.19,-2.18,-1.61
194102,-2.5,1.28,-2.04,-0.69,-0.33,-2.23,-2.54,-4.71,-1.19,-0.33
194103,0.56,-1.7,0.76,3.75,0.34,1.77,1.21,1.78,-3.34,1.8
194104,-4.13,-10.57,-5.7,1.41,-8.83,-6.35,-5.25,-5.22,-9.63,-4.44
194105,-1.41,0.34,3.66,5.45,-0.43,0.4,2.27,-1.47,-4.47,-0.93
194106,6.29,3.9,6.49,5.22,10.78,5.03,5.09,6.72,3.9,4.53
194107,5.54,3.97,7.11,11.06,1.8,-0.38,4.74,8.04,5.33,7.52
194108,0.83,2.4,-0.65,-3.45,0.74,1.06,2.39,0.08,-2.05,0.18
194109,1.78,4.14,-2.91,-0.66,-0.79,0.25,0.43,-0.21,-2.85,-2.58
194110,-7.06,-7.98,-6.44,2.19,-10.11,-2.72,-5.2,-3.72,-9.73,-4.15
194111,-3.19,-3.71,-1.42,3.14,-2.04,-4.03,-4.56,-2.96,-6.73,-1.54
194112,-3.95,-11.81,0.78,-11.12,0.51,-8.63,-9.84,-1.6,-7.51,-5.37
194201,2.54,6.25,-2.2,-1.63,0.95,-1.37,0.65,-3.02,4.05,9.55
194202,-5.5,5.2,-2.4,-5.85,-2.45,-0.57,-1.93,-5.41,-2.48,-1.86
194203,-8.29,1.42,-5.57,-8.25,-6.29,-6.95,-7.09,-5.54,-12.2,-9.01
194204,-4.09,-4.37,-4.58,-3.58,-3.62,-7.32,-5.9,-4.44,-3.46,-1.96
194205,8.78,10.06,1.74,6.82,7.86,7.72,11.82,14.78,8.39,3.48
194206,3.52,1.76,3.51,4.43,4.6,-2.31,2.53,2.85,1.66,1.9
194207,2.42,2.09,2.76,6.06,1.81,4.48,4.96,1.6,-0.47,6.58
194208,0.8,2.35,1.34,3.55,0.74,2.49,1.72,2.44,0.81,2.43
194209,-0.06,2.6,3.26,2.37,5.18,2.07,0.67,0.26,5.86,3.38
194210,4.51,5.82,6.73,9.62,6.27,6.19,0.6,4.14,15.19,8.91
194211,2.7,-0.19,-2.39,0.91,2.02,2.63,6.67,1.58,-1.32,-2.12
194212,4.74,8.19,5.29,7.53,6.18,0.35,2.75,8.71,4.36,4.48
194301,9.15,5.24,6.97,6.4,9.8,3.78,6.93,2.47,14.73,7.08
194302,3.62,7.59,5.24,7.93,3.42,8.81,3.09,3.65,7.96,9.47
194303,4.37,5.07,6.02,7.02,7.46,0.64,8.72,4.57,4.7,10.14
194304,1.04,0.53,-1.43,0.97,1.18,4.16,1.88,1.4,4.03,2.19
194305,6.57,6.6,5.38,5.7,6.26,4.57,7.52,5.99,4.55,5.59
194306,2.06,4.85,0.87,1.19,2.43,2.28,5.6,-0.66,4.2,-0.8
194307,-1.88,-9.7,-6.82,-2.86,-7.31,-0.18,-3.15,-3.32,-0.5,-5.22
194308,0.94,3.48,0.67,1.09,0.49,0.91,3.76,0.26,1.84,1.41
194309,2.18,1.69,2.67,1.4,5.19,1.45,2.16,4.02,3.87,2.18
194310,-0.27,-1.12,-0.84,-2.05,-3.43,0.73,-2.41,0.59,0.57,-1.08
194311,-4.58,-5.33,-6.46,-6.97,-6.43,-1.74,-4.52,-3.94,-8.4,-8.04
194312,6.15,7.95,5.92,7.36,8.03,3.15,6.93,3.95,7.43,7.16
194401,3.97,1.02,1.94,0.47,0.63,0.86,0.78,0.29,-0.32,4.5
194402,-0.53,3.71,-0.37,0.11,-2.12,0.88,1.06,-2.65,1.51,2.06
194403,2.83,4.77,2.27,1.87,3.79,0.74,2.28,2.46,1.78,2.66
194404,-1.95,-1.18,-2.03,-1.37,-1.92,-0.57,-1,-2.37,-0.88,-2.46
194405,5.34,7.94,5.58,4.99,3.64,2.81,5.08,5.68,2.78,4.27
194406,5.65,9.32,7.13,0.54,7.5,3.27,5.84,3.85,4.92,5.99
194407,-0.35,-4.93,-1.95,-1.22,-1.82,-0.37,-0.08,-1.24,0.2,-0.78
194408,2.56,3.98,2.16,-1.95,1.96,0.67,3.13,0.76,3.66,0.36
194409,-0.22,0.61,0.56,-1.38,-0.64,0.28,1.82,0.43,-1.52,0.11
194410,-0.03,-2.74,-0.33,1.87,0.82,0.76,0.44,1.09,1.34,0.68
194411,1.26,2.24,0.86,2.64,1.59,0.69,2.79,0.52,-0.4,4.31
194412,2.03,3.97,4.29,5.15,4.66,0.71,2.15,1.71,3.12,8.48
194501,2.63,1.37,2.77,4.92,0.67,-2.12,0.07,0.56,5.69,0.61
194502,3.95,7.66,6.96,7.32,6.61,2.84,4.53,4.24,6.12,7.9
194503,-3,-6.03,-4.79,-5.25,-3.83,-0.11,-1.37,-1.83,-3.11,-3.59
194504,7.08,11.16,8.41,6.9,8.05,2.51,7.16,6.33,10.12,8.86
194505,2.34,0.79,0.81,-0.86,1.83,3.76,6.28,4.12,1.89,3.12
194506,0.88,-1.53,-0.16,-0.5,-1.89,2.65,-3.14,-4.66,5.16,4.49
194507,-1.44,-0.99,-2.99,-3.23,-1.73,2.18,-0.11,-1.62,-0.34,-5.48
194508,7.74,9.48,8.85,2.24,9.76,1.74,8.25,9.22,1.03,2.54
194509,6.29,2.74,6.17,1.99,3.41,1.9,5.65,6.51,6.59,6.11
194510,6.78,0.2,2.28,6.31,0.76,2.36,5.96,6.6,6.19,5.73
194511,3.68,2.63,4.85,8.39,2.7,3.39,6.91,8.59,4.81,9.15
194512,1.29,2.54,1.56,-0.25,2.63,0.48,3.46,1.53,-1.09,0.14
194601,4.85,6.67,7.98,-0.07,6.45,1.91,10.98,7.76,10.93,7.39
194602,-4.81,-8.96,-6.11,-4.68,-7.37,-2.82,-4.25,-4.32,-5.74,-6.15
194603,6.36,0.99,5.68,11.06,2.17,1.17,11.42,14.58,6.29,4.69
194604,3.54,1.42,4.33,8.77,1.7,1.59,7.2,14.67,4.34,1.69
194605,3.35,5.2,5.02,3.69,5.15,2.82,1.89,5.63,3.04,3.4
194606,-3.61,-5.93,-3.59,-3.15,-5.26,0.29,-7.7,-5.52,-2.8,-3.26
194607,-0.75,-4.75,-3.27,-0.07,-3.29,-0.08,-2.83,-3.23,-3.63,-4.97
194608,-5.29,-10.4,-6.72,-5.63,-6.91,-7,-4.91,-3.27,-5.37,-6.81
194609,-10.75,-14.88,-10.39,-8.05,-9.79,-4.75,-6.9,-7.03,-8.97,-14.41
194610,0.47,-3.31,-1.88,-0.66,-2.77,-5.13,-2.23,-0.24,1.42,-0.45
194611,-1.32,-1.16,1.76,0.55,-2.15,1.79,-4.99,1.66,0.8,0.01
194612,3.75,6.17,6.66,4.39,4.74,3.82,4.04,7.24,6.09,2.76
194701,0.24,10.9,0.9,-0.65,5.38,1.03,0.69,-5.32,-0.14,0.47
194702,-0.27,1.48,-0.69,-2.71,-2.08,-2.05,-0.41,-4.2,-0.9,-1.28
194703,-2.23,-2.7,-1.6,2.29,-2.29,-2.15,-2.2,-1.26,-2.79,-3.35
194704,-6.65,-4.08,-5.74,-0.44,-5.21,-0.22,-7.98,-8.61,-3.76,-6.27
194705,-0.55,-2.14,-2.09,2.56,-0.27,-1.1,-0.36,-2.65,-2.48,-2.07
194706,6.54,5.88,5.76,7.77,3.87,-3.19,9.9,4.2,3.95,3.19
194707,4.65,5.2,3.87,3.88,6.34,0.81,4.61,2.61,2.51,5.98
194708,-1.38,-0.76,-1.02,-2.3,-4.22,0.36,-3.55,-3.83,0.24,-3.18
194709,0.39,0.17,0.71,-2.71,1.14,0.83,-2.81,-2.63,-1.33,-0.96
194710,1.36,2.93,3.24,5.24,1.74,0.21,3.03,1.21,0.15,1
194711,-1.7,-2.7,-1.22,-0.35,-0.55,-2.57,-2.43,-3.06,-7.63,-1.98
194712,0.7,2.25,2.64,9.34,2.49,0.44,0.37,3.12,1.18,3.71
194801,-2.69,-5.35,-4.08,-7.43,-5.53,0.1,-3.29,-8.25,-0.22,-0.88
194802,-6.13,-5.43,-5.33,-2.95,-3.94,-1.06,-3.79,-3.54,-3.59,-4.12
194803,5.49,7.27,9.66,9.95,11.17,1.97,6.7,6.35,6.76,10.01
194804,1.34,1.17,2.51,11.24,-0.59,2.65,5.08,2.14,1.51,3.26
194805,5.1,14.54,7.89,6.1,12.78,2.49,8.59,6.8,5.75,6.77
194806,-1.98,0.3,-0.99,3.49,-1.42,0.43,-1.31,-2.19,2.49,-0.78
194807,-1.68,-4.37,-4.99,-7.18,-6.6,-1.65,-7.72,-4.26,-4.14,-4.99
194808,0.02,1.12,0.41,-2.03,3.07,0.06,2.5,-1.9,0.1,1.53
194809,-3.98,-3.89,-2.68,-4.47,-3.19,-0.23,-0.94,-3.1,-0.92,-3.46
194810,3.63,7.95,6.69,9.2,6.85,1.11,4.14,5.2,4.45,4.96
194811,-6.18,-12.01,-10.21,-12.21,-9.28,-2.06,-5.77,-5.75,-9.09,-10.61
194812,0.67,3.43,4.04,4.73,6.33,1.09,1.52,4.54,2.66,2.87
194901,3.67,2.44,0.31,-3.83,-1.33,-1.27,1.17,4.58,4.76,0.3
194902,-1.93,-3.72,-3.44,-4.3,-4.21,-0.3,-2.27,-0.93,0.67,-3.19
194903,3.21,3.42,3.57,6.08,5.83,1.36,4.4,5.5,3.8,4.92
194904,-1.65,-4.22,-3.54,1.28,-3.71,-1.65,-1.64,0.24,1.22,-1.53
194905,-0.43,-2.94,-3.34,-5.67,-5.32,-2.17,0.17,-1.9,-0.59,-2.71
194906,1.04,1.3,0.24,-1.18,0.11,1.13,2.87,2.17,-1.01,-1.37
194907,4.95,9.44,5.94,6.24,6.9,2.41,5.16,6.01,4.72,4.19
194908,3.97,2.32,2.16,5.5,0.74,0.97,1.5,0.18,3.68,1.44
194909,2.84,2.64,3.93,3.03,3.65,1.21,2.3,1.86,4.06,3.41
194910,1.52,7.34,4.34,3.71,3.74,1.88,0.66,3.38,1.31,2.42
194911,1.84,4.88,3.23,-2.85,3.9,1.67,2.11,4.8,3.28,1.22
194912,5.15,8.29,6.51,1.09,9.19,1.58,4.78,8.72,3.25,7.14
195001,1.37,1.87,1.98,-0.65,4.54,1.86,0.43,1.06,3.75,3.2
195002,0.53,3.47,1.94,-0.54,3.4,0.66,2.33,1.92,2.4,1.01
195003,-0.57,1.87,0.81,4.85,2.41,4.6,-0.18,-2.92,0.56,-0.71
195004,0.14,10.57,7.45,3.23,4.73,2.37,-0.36,5.52,0.94,1.51
195005,2.07,6.55,5.99,8.78,0.23,1.97,3.17,3.97,1.83,1.36
195006,-5.72,-4.06,-6.58,-4.43,-8.01,-4.34,-4.45,-4.2,-7.69,-6.84
195007,0.45,-2.72,2.14,8.83,-2.91,-1.33,-0.96,-6.96,-5.23,7.5
195008,3.93,9.21,6.33,4.34,5.25,2.56,4.38,3.68,3.45,2.33
195009,4.89,8.83,4.51,3.53,5.02,-0.48,8.49,6.16,4.53,6.52
195010,-0.38,0.61,0.45,0.29,-1.49,0.21,0.84,-1.77,-0.75,-1.52
195011,0,-2.9,5.93,5.34,2.63,-0.24,1.1,4.67,-1.19,3.93
195012,2.84,1.51,6.71,8.69,3.91,1.9,2.79,6.1,3.61,11.12
195101,4.62,9.22,6.13,6.3,7.73,1.87,3.63,3.1,5.05,6.37
195102,0.95,2.79,1.22,0.96,0.91,4.11,3.12,1.45,3.13,-0.42
195103,-2.79,1.17,-3.05,-2.37,-0.91,-1.09,-2.11,1.7,-1.4,-2.86
195104,0.95,3.42,6.85,10.81,3.17,0.84,0.39,10.41,0.22,3.75
195105,-1.29,-5.34,-2.15,-3.05,-2.77,-0.4,-1.33,1.57,-0.04,-3.26
195106,-3.6,-6.84,-3.82,1.09,-1.63,-0.19,-2.72,0.83,-0.42,-5.12
195107,3.13,3.1,8.45,11.37,5.67,2.8,2.84,14.48,5.31,7.4
195108,3.5,7.03,4.89,5.77,5.93,2.64,2.64,-1.43,2.13,3.45
195109,-0.43,2.66,0.22,-0.76,3.33,-0.06,3.4,-1.83,1.33,3.58
195110,-3.12,-2.04,-4.15,1.17,-6.37,-1.08,-3.13,-5.98,0.7,-3.62
195111,-0.06,2.02,0.44,-0.77,2.54,0.5,1.53,-0.48,1.66,2.12
195112,1.92,2.48,4.57,4.72,4.92,0.87,-0.27,5.15,3.28,2.13
195201,0.52,-1.17,-0.3,6.6,-1.65,0.18,-0.46,0.65,3.08,3.33
195202,-2.03,0.43,-3.85,-3.43,-3.31,-0.62,-3.77,-4.25,0.69,-1.58
195203,1.72,8.33,2.98,8.72,5.22,1.27,2.54,0.44,2.23,5.84
195204,-3.33,-3,-6.62,-7.66,-3.37,-0.75,-1.85,-5.5,-1.8,-3.39
195205,2.14,4.01,4.28,3.52,2.93,1.03,2.59,2.52,2.99,2.95
195206,2.87,5.25,4.33,5.45,5.9,2.07,3.01,-0.96,1.1,4.03
195207,0.58,2.53,2.22,-1.02,1.42,0.25,1.94,-4.4,2.03,1.14
195208,0.96,2.02,-1.67,-2.68,-0.22,0.89,-0.31,-0.57,1.82,-0.14
195209,-2.85,-0.78,-2.1,-4.3,1.05,-0.35,-0.77,-4.12,0.33,-1.37
195210,-0.89,1.2,-1.55,0.38,-1.06,0.92,-1.1,-1.38,0.34,-1.57
195211,6.05,6.56,8.74,2.08,9.19,4.07,4.57,7.24,5.09,7.3
195212,1.43,7.02,2.68,4.55,3.06,0.88,1.3,-1.95,2.01,3.74
195301,2.16,-0.36,0.66,-2.99,-2.31,1,0.82,-5.12,0.92,1.08
195302,1.78,-1.19,-0.98,0.33,0.52,-0.4,-0.15,2.07,0.51,-0.22
195303,-1.75,-4.39,-1.64,-0.55,-0.77,-0.44,-0.49,-0.16,0.15,-1.45
195304,-0.13,-1.97,-2.68,-5.18,-0.37,-1.04,-0.81,-5.34,-2.96,-3.21
195305,0.23,-0.05,0.22,1.83,1.14,0.37,1.52,-0.05,-0.14,1.43
195306,-0.84,-3.33,-2.32,-0.07,-2,0.51,-2.19,-3.31,-2.82,-2.05
195307,2.72,0.72,2.6,3.93,2.31,0.94,1.97,3.66,3.41,1.43
195308,-3.52,-6.46,-4.89,-6.44,-4.42,-0.84,-2.37,0.04,-0.36,-6.81
195309,0.25,-0.83,1.16,-1.92,3.37,1.78,0.1,0.43,1.64,-1
195310,0.69,7.7,6.01,5.64,7.25,1.39,0.87,2.65,4.47,3.7
195311,0.34,0.49,4.18,2,5.07,2.27,3.34,8.03,3,2.78
195312,-0.62,-1.21,0.62,0.44,0.69,0.53,1.24,-1.35,0.69,-2.31
195401,4.18,5.28,4.51,8.64,6.85,1.89,3.32,5.65,3.32,6.65
195402,-0.31,1.72,0.97,2.82,5.01,2.58,0.44,-0.18,1.59,1.54
195403,1.37,3.51,4.86,4.28,8.87,1.72,0.37,0.29,2.96,1.8
195404,0.98,4.09,5.72,6.15,9.08,1.96,1.53,1.2,1.25,2.87
195405,2.39,4.47,4.49,2.99,-0.42,1.23,2.85,1.61,2.64,4.4
195406,0.58,1.19,3.61,-5.87,9.73,0.55,2.5,-2.45,1.29,1.5
195407,6.39,9.84,5.21,4.18,-0.5,4.36,4.22,8.22,5.42,6.82
195408,-2.71,-3.37,-3.79,0.56,-4.68,-1.42,-0.23,-2.58,-1.73,-2.27
195409,3.88,14.47,6.6,10.01,6.43,2.5,4.84,2.81,2.01,4.3
195410,-2.22,-0.76,-1.11,-1.99,-1.97,-0.85,-2.53,-1.63,-3.81,0.59
195411,6.09,4.47,13.74,8.09,13.21,3.43,8.41,12.61,5.68,11.18
195412,4.35,7.26,6.55,6.48,3.08,1.58,2.27,6.15,3.54,9.37
195501,0.28,0.54,-0.11,0.41,3.49,0.8,1.74,-2.88,1.46,0.89
195502,1.54,-1.06,4.18,2.43,4.42,3.99,1.3,2.86,3.64,3.78
195503,-0.85,0.05,0.36,-0.24,-1.09,-0.19,-1.4,6.11,-0.74,0.94
195504,4.08,5.67,4.34,0.56,5.37,1.97,1.83,0.01,2.56,3.42
195505,-0.29,-1.12,3.01,-0.6,0.07,1.29,3.02,3.17,-0.15,1.64
195506,2.5,10.09,9.59,11.2,2.72,0.69,4.43,0.17,1.67,2.37
195507,2.06,19.6,-1.17,2.76,-2.64,2.61,2.03,0.13,3.68,-1.42
195508,-0.67,-4.31,3.05,-1.08,0.86,-2.44,1.63,0.16,0.05,0.58
195509,-1.6,9.21,-0.76,-0.38,-4.22,1.09,3.42,-3.18,-2.68,-2.71
195510,-0.83,-4.94,-3.05,-0.98,-5.2,-1.15,-2.51,0.82,-0.94,-2.63
195511,3.51,9.08,8.02,8.62,10.13,1.63,6.01,6.29,3.4,8.36
195512,1.19,-4.07,2.89,3.7,4.88,0.87,-0.77,6.23,-0.12,-0.67
195601,-1.52,-6.72,-4.57,0.54,-5.21,1.87,-4.41,-6.5,-0.34,-2.76
195602,1.09,5.65,4.89,4.28,6.28,0.16,2.82,8.29,1.94,3.38
195603,1.75,3.74,7.72,11.44,10.48,1.43,0.43,7.26,3.77,5.71
195604,0.86,-5.14,1.02,3.62,0.09,-0.88,-1.82,2.77,-2.18,0.89
195605,-3.25,-4.48,-6.18,-6.41,-5.28,-1.06,-4.56,-1.24,-0.73,-5.41
195606,0.65,7.02,4.61,2.73,7.13,1.28,2.21,3.6,2.36,1.55
195607,1.99,4.36,6.06,6.03,5.28,2.65,4.57,3.1,5.24,2.42
195608,-1.38,0.81,-3.02,-5.3,-3.56,-1.39,-2.62,-3.08,-2.49,-3.55
195609,-3.26,-1.21,-6.08,-5.81,-6.87,-2.82,-4.41,-3.7,-3.87,-4.41
195610,0.4,-1.01,1.09,0.53,3.25,-1.4,1.33,0.58,1.13,1.1
195611,-0.44,-3.49,-0.77,5.29,0.69,1.53,-2.15,-1.36,0.41,0.21
195612,1.25,1.04,4.86,4.11,4.43,2.58,-0.43,6.07,1.82,1.99
195701,1.77,-6.22,-5.87,-4.12,-5.64,2.9,-1.25,-2.27,2.63,-0.54
195702,-1.4,-1.88,-2.75,-2.27,-0.65,0.33,-0.93,-0.35,-0.3,-2.56
195703,1.58,0.54,2.03,3.17,4.78,1.52,2,8.23,1.69,2.31
195704,1.39,7.95,3.7,6.94,8.39,0.44,0.18,5.43,3.16,3.16
195705,1.39,1.03,3.17,7.65,5.79,1.04,2.56,4.8,2.25,1.36
195706,-0.65,0.07,0.34,-1.75,5.25,-2.11,-1.91,6.48,-5.12,-1.1
195707,0.92,3.64,0.45,1,1.07,-0.24,2.89,2.6,0.01,1.13
195708,-2,-3.11,-6.23,-5.75,-7.05,-0.12,-2.71,-2.97,-2.58,-5.47
195709,-1.16,-7.1,-6.89,-7.98,-6.38,-2.25,0.41,-3.04,-1.74,-6.67
195710,-2.12,-3.95,-4.73,-5.77,-1.78,-2.1,-3.93,-0.68,-0.7,-6.87
195711,3.37,-5.28,3.37,2.43,6.48,1.49,1.74,8.63,4.4,0.41
195712,0.43,-7.89,-4.6,-6.99,-3.22,1.26,-1.72,-0.48,2.56,-4.43
195801,7.46,4.96,5.39,1.59,4.03,4.26,7.49,-0.41,6.06,11.03
195802,2.04,-1.46,-2.03,-4.63,-1.64,0.66,1.41,4.95,1.29,-1.78
195803,4.2,2.95,1.57,7.92,2.61,1.17,4.08,8.17,2.07,2.51
195804,3.54,4.96,1.44,5.14,-0.12,2.7,3,6.56,4.95,4.52
195805,2.72,4.81,3.45,0.33,1.5,2.11,3.62,1.44,1.45,3.74
195806,2.64,2.62,2.37,4.93,3.63,1.67,2.15,3.55,2.19,2.89
195807,1.64,9.98,8.49,0.69,3.74,0.9,1.87,5.98,1.12,5.22
195808,2.93,-0.01,2.42,1.92,2.08,2.41,5.71,1.98,-1,3.06
195809,4.26,10.04,4.54,3.28,6.2,5.08,4.03,11.74,3.46,4.27
195810,2.5,2.28,3.05,1.33,4.49,1.46,1.21,1.05,4.28,3.75
195811,4.1,1.71,2.92,1.93,4.35,2.15,5.9,8.04,2.96,4.63
195812,2.68,2.75,5.21,1.25,13.14,13.4,5.72,4.61,5.94,3.09
195901,3.81,-1.09,0.79,0.51,-2.22,3.91,3.49,-0.62,1.25,2.1
195902,3.01,-1.95,3.63,-7.43,5.15,4.86,2.65,3.88,1.26,1.76
195903,0.29,-1.19,-0.24,2.14,2.33,-0.52,-1.67,4.25,1.64,-0.74
195904,3.01,9.38,4.17,1.71,8.44,4.61,1.54,11.93,-1.13,1.95
195905,1.33,5.21,4.05,-0.95,4.85,-1.01,2.72,-1.07,-1.1,0.63
195906,1.67,0.16,1.28,-2.72,-0.98,-1.1,2.27,6.6,-2.23,1.23
195907,3.7,8.43,3.73,4.96,0.45,0.6,2.12,4.74,3.82,0.46
195908,-0.39,2.46,-1.89,-3.15,-2.5,0.61,0.79,-3.57,1.34,-2.23
195909,-3.25,-4.45,-4.96,-6.91,-4.18,-0.96,-2.12,-4.95,-4.35,-4.11
195910,3.8,-1.26,1.42,1.16,4.98,1.3,0.87,2.34,0.89,0.3
195911,1.25,-0.11,2.19,-0.41,9.21,-1.23,2.34,5.62,0.4,-0.5
195912,1.23,5.16,2.16,4.24,3.42,4.34,2.68,-1.68,2.14,2.07
196001,-3.36,-11.17,-8.41,-7.5,-9.79,0.95,-5.67,-6.38,-2.08,-4.51
196002,2.96,-2.22,0.49,-3.46,5.35,8.37,4.22,0.31,2.77,-0.02
196003,-1.41,-4.38,-3.55,-0.8,1.64,0.17,0.1,1.62,1.75,-2.27
196004,1.52,-1.57,-3.53,-4.26,0.52,-1.05,-0.23,1.65,1.38,-1.11
196005,6.53,-0.69,3.86,-3.49,9.55,3.32,3.14,13.73,1.5,0.25
196006,4.33,0.8,1.67,3.53,1.45,-0.35,3.82,-0.16,5.77,2.79
196007,-0.95,-0.59,-4.16,0.7,-4.2,0.1,-3.01,-3.87,-1.07,-1.39
196008,4.52,3.5,1.7,4.1,1.16,7.11,3.13,2.47,4.32,3.11
196009,-3.44,-5.68,-7.04,-1,-8.73,-5.95,-8.39,-8.72,-4.49,-5.7
196010,1.66,-1.34,-0.97,2.42,-3.25,0.14,0.23,-3.49,-0.34,-0.81
196011,8.67,-0.7,4.84,3.39,7.02,4.19,6.92,4.05,3.74,6.67
196012,4.48,-0.41,3.96,5.31,3.03,12.56,2.26,6.22,6.36,4.21
196101,5.41,8.36,6.6,9.76,2.87,7.89,2.94,6.02,4.96,7.78
196102,6.61,4.01,5.06,0.73,2.71,0.75,4.96,5.2,3.63,5.68
196103,4.85,3.43,1.61,1.4,2.77,7.48,5.87,3.8,2.02,3.55
196104,-1.35,-1.71,-1.34,4.75,0.48,0.8,0.59,-0.31,1.86,0.57
196105,3.68,1.28,4.58,0.14,2.86,-1.04,4.09,2.28,2.39,4.18
196106,-1.4,-1.53,-2.97,-4.02,-3.36,-4.02,0.58,-3.43,-1.87,-3.74
196107,2.84,6.15,2.48,2.28,1.79,6.43,2.46,3.5,2.87,1.26
196108,5.13,1.36,2.45,0.17,4.49,0.21,3.26,3.86,3.81,5.19
196109,0.05,4.67,-4.47,-6.42,0.22,-2.73,0.31,-1.23,1.41,-1.8
196110,3.35,0.54,-0.22,6.67,3.37,0.2,9.06,3.66,5.31,2.3
196111,5.49,9.73,2.93,5.44,2.92,8.5,5.13,3.13,3.42,3.84
196112,-3.19,2.87,0.17,3.85,-0.68,3.32,-0.35,-1.99,-4.2,-1.86
196201,-6.15,-0.17,-3.55,0.14,-4.96,-6.07,-8.63,-4.78,-2.59,-1.46
196202,0.25,-1.47,1.4,5.31,-0.02,4.11,1.64,3.75,2.63,1.7
196203,-1.1,0.41,-0.44,-1.68,0.23,-2.94,0.91,0.41,1.96,-1.77
196204,-6.77,-5.18,-7.95,-3.57,-11.07,-4.68,-4.43,-11.34,-2.79,-7.08
196205,-11.31,-4.45,-8.23,-4.95,-11.18,-7.06,-9.08,-10.81,-10.47,-7.86
196206,-8.82,-6.07,-9.62,-4.84,-11.57,-8.52,-10.26,-12.9,-5.11,-9.16
196207,5.23,8.03,5.25,4.9,11.3,7.23,4.37,7.78,7.39,5.74
196208,0.9,3.85,2.36,1.84,3.39,1.58,4.3,-7.92,3.15,3.83
196209,-5.61,-2.2,-5.8,-1.77,-8.87,-6.06,-6.63,-4.05,-2.87,-5.76
196210,-3.27,2.46,1.48,-0.29,-0.14,2.77,-1.34,2.46,-1.09,0.57
196211,12.12,6.82,13.23,10.75,14.58,7.17,11.16,17.63,7.65,14.78
196212,1.45,3.54,-1.07,4.69,-0.17,1.08,0.04,0.88,3.48,1.39
196301,5.94,7.6,5.78,2.68,5.64,4.13,4.13,5.66,5.25,5.22
196302,-3.04,-2.92,-2.56,-1.33,-5.07,-1.11,-0.68,-2.58,-1.46,-0.49
196303,2.56,7.09,2.88,6.98,2.75,1.94,2.01,1.18,1.79,2.94
196304,2.39,5.65,4.67,6.05,6.42,3.73,5.46,7.63,2.37,5.93
196305,1.88,8.05,2.1,-0.1,4.2,-0.64,2.61,-0.25,1.04,3.57
196306,-1.38,-3.24,-2.56,1.21,-4.92,-1.94,-1.39,-1.09,-1.13,-1.37
196307,-0.48,-0.07,-1.38,2.3,-0.68,-0.25,-1.05,0.57,0.81,-1.59
196308,4.89,6.57,6.2,3.94,5.14,4.29,6.43,9.57,4.12,5.4
196309,-1.74,-0.25,-0.81,-3.65,0.17,2.36,0.92,-4.07,-2.49,-3.16
196310,2.66,10.71,2.56,-0.33,8.22,3.43,0.52,3.39,-0.67,1.4
196311,-1.13,-5.2,0.31,-1.14,-0.29,4.14,-1.25,-1.64,-1.06,0.1
196312,2.84,0.58,1.94,4.66,3.04,-0.09,0.33,1.54,2.41,2.65
196401,0.78,1.22,2.66,4.85,2.93,3.32,2.51,3.7,1.39,1.17
196402,1.86,1.65,2.73,1.08,1.96,-0.28,1.63,1.65,0.87,5.34
196403,3.08,1.08,3.69,1.4,3.38,-0.9,2.43,-1.94,-0.74,2.33
196404,-0.47,1.8,-1.72,4.04,-3.63,0.83,2.87,-1.42,1.05,0.29
196405,1.55,1.51,1.75,2.14,2.73,-0.39,3.9,0.52,0.84,2.38
196406,1.67,0.77,0.88,0.67,0.51,4.69,3.83,0.58,2.21,1.28
196407,1.76,5.63,1.34,3.34,-1.81,-2.01,1.19,4.75,4.93,1.29
196408,-0.26,1.42,-1.26,-1.87,-2.76,-1.56,0.33,-4.22,-0.04,-3.14
196409,1.7,4.64,4.77,3.06,1.15,-1.03,3.48,2.75,1.88,3.94
196410,-0.19,0.07,0.43,3.07,-0.99,-0.89,2.31,2.86,0.95,1.86
196411,0.71,-1.14,-0.6,2.55,-0.23,-2.23,3.23,2.17,1.37,-1.65
196412,0.23,1.89,-0.7,-0.21,-0.01,3.12,0.16,4.38,0.49,-1.78
196501,6.06,3.81,5.39,0.35,7.46,0.25,3.05,7.66,3.96,4.73
196502,1.59,-0.52,2.55,-3.39,2.19,0.8,1.39,2.42,0.43,2.58
196503,-0.77,1.28,-1.15,-3.03,-0.46,-1.68,-0.82,-0.92,-0.52,-0.38
196504,4.2,6.78,4.05,0.86,5.14,2.33,6.8,2.97,0.66,2.32
196505,-0.78,-3.3,-0.55,0.86,0.47,2.77,0.19,-1.25,-0.97,-1.51
196506,-5.1,-6.81,-6.24,-2.05,-5.73,-4.18,-6.22,-5.31,-3.66,-7.02
196507,1.58,2.29,2.07,1.86,3.59,-0.37,-1.4,3.95,1.06,3.34
196508,4.06,3.43,3.52,1.54,5.87,1.33,2.29,6.3,0.93,5.09
196509,0.48,7.12,3.84,4.37,5.26,1.1,-0.68,2.24,1.39,1.77
196510,2.59,6.14,4.36,1.84,5.21,-2.27,0.31,3.23,1.05,4.03
196511,1.08,-3.81,1.39,0.7,2.74,-4.31,1.34,3.79,-1.01,4.12
196512,1.29,1.48,3.24,0.19,-1.52,-0.85,1.26,3.82,-0.33,3.31
196601,1.93,0.6,2.91,1.03,1.34,-1.29,-4.28,2.78,-3.01,5.16
196602,-0.48,-1.49,-0.72,-3.47,5.01,0.47,-1.84,-1.56,-4.18,2.06
196603,-2.65,-2.97,-1.78,-2.24,-0.9,-4.85,-2.12,-1.6,-0.14,-2.57
196604,0.41,0.15,2.86,3.14,7.63,1.27,3.08,-0.01,1.18,3.02
196605,-4.92,-8.4,-5.69,-3.78,-6.07,-2.99,-2.93,-5.26,-2.74,-7.78
196606,-1.8,-1.97,-0.95,-2.27,-0.13,0.47,-2.38,0.99,-1.79,0.64
196607,-1.19,-2.57,-1.6,0.4,-1.71,-1.16,-1.97,-1.72,-0.18,-1.9
196608,-7.22,-7.62,-7.87,-6.44,-6.11,-4.57,-6.42,-8.11,-8.61,-11.84
196609,-1.45,-0.97,-3.61,3.91,-1.94,-0.56,-2,-1.14,4.36,-1.92
196610,4.53,0.37,2.52,8.46,0.28,9.18,-1.38,4.87,9.96,3.03
196611,2.31,-3.46,2.78,-1.17,10.98,-2.84,0.7,6.91,-1.37,7.92
196612,0.22,-2.65,1.37,-0.66,0.46,2.96,-4.16,-0.18,2.09,2.19
196701,9.39,11.78,11.19,3.58,10.31,6.24,11.8,6.45,2.84,11.97
196702,2.03,-1.09,1.22,-0.1,6.19,2.13,3.22,1.4,-1.73,-0.32
196703,4.45,3.84,5.79,3.62,5.51,2.96,2.33,7.86,1.54,4.41
196704,4.6,11.06,3.75,1.67,7.83,0.22,9.21,4.45,1.88,2.11
196705,-2.72,-7.35,-3.67,-2.46,-4.34,-5.66,-4.57,-5.29,-4.12,-2.02
196706,2.75,1.59,2.1,2.28,6.42,2.73,3.78,5.41,-1.31,3.51
196707,6.05,11.11,5.03,6.93,3.99,-6.58,6,3.79,2.33,7.82
196708,-0.82,0.14,-0.4,-1.48,-1.01,-1.24,0.33,0.65,-0.65,-0.25
196709,3.1,4.98,3.11,4.24,8.36,1.22,2.45,2.9,-0.1,1.27
196710,-2.62,-4.91,-4.52,-0.96,4.89,-3.49,0.66,-5.03,-5.37,-5.04
196711,0.49,-0.96,0.63,0.78,1.42,0.08,0.84,1.33,3.19,-0.32
196712,3.13,0.88,5.2,3.07,2.13,0.12,3.45,1.7,3.29,5.4
196801,-0.43,-5.15,-6.36,-0.9,-8.73,2.67,1.13,-6.57,0.18,-1.9
196802,-2.71,-2.34,-4.27,-2.68,-4.58,-2.42,-0.85,-4.25,-1.49,-3.44
196803,0.64,0.65,0.84,0.74,4.24,-1.12,2.86,0.11,-3.94,-0.27
196804,10.97,11.69,10.65,5.65,12.44,2.21,12.22,11.9,2.42,11.94
196805,5,-0.34,3.16,1.24,3.83,-0.73,3.43,3.35,0.44,6.23
196806,1,-1.42,-0.22,1.84,-2.03,4.18,0.51,2.23,8.45,3.03
196807,-3.69,-2.92,-3.97,5.28,-5.51,-0.2,-5.16,-4.12,0.18,-3.01
196808,2.74,1.25,3.34,1.3,0.54,1.29,2.26,0.68,-0.87,2.62
196809,4.87,6.64,4.55,3.51,2.94,2.97,7.84,0.84,0.26,9.44
196810,0.87,4.67,0.93,2.59,-4.9,3.17,0.69,-0.04,0.49,1.09
196811,4.67,-0.14,5.77,5.68,8.61,5.39,5.14,8.12,8.81,7.71
196812,-1.02,-4.46,-3.32,-2.53,-5.34,-6.67,-4.13,-1.02,-2.92,-3.68
196901,-1.19,-1.72,-0.45,-1.14,-4.68,1.17,-0.97,-0.23,2.44,0.78
196902,-6.62,-3.58,-5.73,-4.95,-3.62,-3.34,-4.15,-5.17,-5.22,-8.41
196903,0.71,5.1,2.65,7.36,5.44,-0.42,5.07,3.35,-1.29,0.74
196904,1.05,1.22,1.3,-0.36,3.86,7.68,3.94,4.98,1.34,1.83
196905,1.21,0.13,-0.86,4,-1.6,1.07,0.48,1.68,0.02,-1.2
196906,-7.37,-5.99,-6.92,-9.96,-0.16,-4,-5.51,-5.04,-5.74,-10.52
196907,-6.85,-6.97,-5.45,-9.64,-5.43,-4.5,-8.45,-2.73,-2.98,-9.13
196908,4.95,2.73,4.19,6.62,7.03,1.65,8.13,9.31,-1.29,8.98
196909,0.33,-0.06,-2.07,-9.63,0.2,-4,-0.66,2.09,-4.15,-0.63
196910,8.32,3.86,6.68,-1.03,5.79,3.5,6.71,8.98,8.3,8
196911,-2.36,-4.48,-3.42,-4.56,-1.79,1.16,-4.09,0.32,-5.28,-5.56
196912,-1.94,-3.44,-1.43,-3.01,-0.74,-5.51,-3,4.3,-0.63,-3.76
197001,-4.25,-8.25,-7.3,-11.46,-9.07,-2.57,-6.09,-7.12,-4.24,-8.85
197002,4.7,5.6,5.19,5.39,2.95,7.97,5.58,5.6,8.38,9.48
197003,-0.78,4.87,-0.29,-0.45,-2.58,2.29,-1.72,-5.09,2.91,-1.8
197004,-10.14,-8.86,-8.98,-9.17,-14.35,-8.79,-11.12,-10.11,-8.07,-13.82
197005,-7.45,-6.47,-7.51,2.66,-9.56,-3.71,-9.47,-7.77,-5.35,-8.17
197006,-1.48,-4.15,-4.82,-2.44,-11.73,-8.49,-3.98,-0.51,-4.71,-6.85
197007,6.68,10.6,5.1,12.76,2.34,10.26,10.38,2.16,8.71,8.02
197008,1.46,8.28,4.65,6.59,8.03,2.44,5.31,1.82,4.69,5.1
197009,5.52,2.69,3.97,3.2,10.18,-0.88,7.95,8.03,-0.52,7.59
197010,0.7,-2,-3.15,2.95,-3.48,-3.75,-1.69,0.1,-0.83,-5.89
197011,4.73,6.98,3.92,4.95,4.06,6.16,6.88,3.08,9.41,3.85
197012,7.5,6.17,8.01,2.25,4.4,6.85,5.41,5.36,7.18,8.37
197101,4.82,3.87,5.91,0.33,5.39,9.77,8.29,4.88,2.93,7.81
197102,3.77,2.24,1.24,4.81,2.8,-5.29,3.64,1.39,-2.6,2.35
197103,4.45,3.44,4.08,2.76,8.05,0.71,6.81,3.67,2.41,6.01
197104,2.13,8.49,4.28,4.31,2.31,0.81,4.97,4.25,-3.55,4.36
197105,-3.01,-4.28,-2.26,-4.77,-6.18,-5.16,-1.79,-2.11,-3.71,-4.6
197106,-0.15,-0.66,0.37,1.03,-2.18,1.04,0.3,2.02,4.32,-1.06
197107,-2.14,-5.55,-4.88,-2.14,-8.58,-3.61,-3.45,-2.25,-2.14,-3.85
197108,3.1,10.6,6.39,-1.22,5.67,-0.34,6.2,3.28,-2.33,7.03
197109,-0.07,-0.07,-0.32,-1.64,-1.55,0.23,0.73,0.66,-1.51,-0.43
197110,-4.33,-5.21,-6.04,-4.29,-4.35,-1.74,-3.45,-2.5,2.05,-4.2
197111,-0.34,0.33,-0.98,0.06,1.77,0.39,0.24,0.59,-1.2,-0.18
197112,10.54,6.14,9.87,8.84,11.27,7.37,10.17,7.91,8.11,8.14
197201,2.5,3.23,3.22,0.16,8.35,0.94,0.43,2.6,-0.3,3.33
197202,4.65,0.84,4.99,2.61,1.89,0.16,5.66,7.13,-2.5,2.25
197203,0.08,4.23,2.49,-5.46,1.1,-0.32,1.98,0.46,-0.16,2.31
197204,1.9,-0.53,1.97,-0.69,0.76,-1.05,-0.56,1.08,-2.82,1.82
197205,0.41,-1.02,1.9,3.69,3.74,1.17,1.79,3.52,-0.18,-0.61
197206,-1.15,-2.89,-2.25,-0.92,-2.53,-2.75,-4.22,2.51,-1.55,-4.51
197207,-1.58,-2.13,0.48,-1.05,0.96,0.75,-2.46,3.13,0.04,-2.95
197208,-0.11,3.78,2.29,12.45,2.85,5.15,-0.43,1.04,5.97,3.62
197209,-2.62,-0.89,-1.22,-0.24,-1.15,4.31,-0.5,-0.44,0.2,-1.72
197210,-0.01,-2.44,1.14,3.1,-3.34,2.3,0.89,1.51,6.77,1.13
197211,6.88,7.94,4.2,6.2,2.53,7.06,6.01,-0.56,6.4,5.14
197212,0.53,1.64,0.92,1.05,1.98,1.45,1.73,3.74,-1.54,-0.73
197301,-4.76,-6.7,-3.7,5.03,1.96,-2.12,-4.09,-1.19,-4.27,-7.45
197302,-4.37,-5.86,-2.27,-7.38,-3,-4.64,-6.45,-0.71,-1.98,-6.06
197303,-1,-2.82,-0.2,3.05,-1.2,0.53,-5.64,0.78,-2.15,-0.26
197304,-6.25,-5.19,-4.4,-0.98,-6.66,0.88,-8.52,-5.49,-0.6,-7.75
197305,-2.13,-4.23,-1.15,-3.56,-2.61,-0.84,-2.23,1.06,0.35,-4.99
197306,-3.44,-2.54,-0.35,1.59,-0.06,-0.32,-5.76,0.01,-2.5,-0.23
197307,7.43,7.26,6.65,0.3,4.95,-0.32,11.14,6.87,-2.4,9.53
197308,-3.31,-3.94,-1.46,-3.82,-3.7,-3.89,-4.15,-6.9,-2.1,-2.3
197309,5.9,7.82,4.56,9.21,-2.83,7.64,7.17,0.78,7.91,7.24
197310,-2.25,-4.35,0.45,5.17,3.9,-5.56,-3.65,1.83,-3.41,-1.01
197311,-14.32,-16.31,-14.27,-6.22,-11.45,-4.33,-18.9,-7.76,-11.64,-13.5
197312,-1.57,-3.76,1.29,8.63,-4.32,4.17,-0.21,-4.48,3.43,2.45
197401,2.36,6.1,0.41,-7.46,1.25,2.09,6.69,-2.56,4.55,1.18
197402,0.15,-1.07,0.03,-1.55,-0.6,4.71,0.81,-1.22,0.29,1.01
197403,-1.9,-0.1,-0.78,-3.24,-2.73,-4.58,-3.12,1.21,-3.66,-3.63
197404,-3.67,-4.07,-2.04,-6.31,-3.64,-5.32,-1.96,-1.48,-12.23,-6.33
197405,-2.91,0.44,-2.54,-7.54,-4.22,-1.55,1.19,-0.12,-4.93,-8.49
197406,-0.57,-2.64,-0.42,-0.31,-2.93,0.27,-2.73,-1.62,-6.22,-5.56
197407,-10.16,-11.91,-7.17,-0.52,-8.23,-7.63,-12.83,-14.14,0.74,-6.63
197408,-10.2,-6.71,-10.16,-8.65,-4.93,-0.03,-13.08,-8.06,-8.69,-10.64
197409,-12.06,-12.98,-12.87,-7.97,-16.83,-3.81,-12.27,-15.56,-1.32,-9.63
197410,15.7,4.5,16.06,20.78,14.71,10.85,10,29.59,13.02,20.18
197411,-3.86,-4.79,-5.9,-4.29,-4.94,-3.07,-5.75,-1.23,-0.15,-2.81
197412,-0.51,-4.09,-4.44,0.84,-5.24,1.57,-3.36,-3.32,-0.83,-4.31
197501,18.73,21.52,14.51,6.76,15.29,11.09,25.97,-0.75,18.83,17.93
197502,4.04,4.99,8.02,2.27,13.17,5.15,5.17,16.07,0.88,2.87
197503,7.16,6.62,5.05,-2.32,0.99,-0.88,10.76,1.29,-1.33,4.14
197504,3.02,4.08,9.56,7.25,5.57,-0.96,2.59,0.65,-1.63,3.26
197505,5.22,2.6,2.8,12.07,5.92,3.55,4.01,6.53,8.54,5.72
197506,5.28,10.24,3.54,6.5,2.31,4.05,7.45,0.96,10.74,5.95
197507,-5.38,-2.02,-5.91,-4.25,-9.42,-4.21,-7.47,-12.03,-4.8,-6.13
197508,-3.13,-3.48,-0.78,-0.88,-2.96,-3.54,-0.33,-3.32,-1.23,-5.14
197509,-2.44,-2.45,-5.82,-1.17,-0.85,-1.27,-3.54,-6.52,-0.98,-6.32
197510,10.58,8.91,5.71,-1.34,8.4,6.82,9.92,10.67,6.55,3.91
197511,4.09,3.27,2.97,-1.64,5.06,4.28,4.66,5.13,3.16,3.58
197512,-1.49,-0.45,-1.36,0.09,-1.26,-0.12,-3.04,-6.36,1.35,-0.26
197601,10.94,15.64,16.85,8.48,18.29,9.49,8.99,7.74,8.31,12.93
197602,-1.09,3.87,1.73,-3.16,1.15,3.54,4.68,-6.56,-3.55,3.18
197603,0.72,3.54,1.13,7.22,2.93,0.57,3.44,6.54,1.45,2
197604,-1.66,1.85,-1.42,2.14,-3.41,1.72,-4.67,-4.31,0.63,-1.56
197605,-2.17,-3.13,-1.22,5.53,0.49,-2.9,-5.77,-2.82,-1.47,-1.71
197606,3.64,4.24,3.7,5.09,8.21,3.59,1.47,3.67,4.26,5.36
197607,1.48,-1.07,-1.85,-0.62,-2.2,1.25,-2.24,-0.38,2.82,-0.05
197608,-0.34,-1.46,-1.7,-0.89,-0.85,4.74,2.86,2.17,2.97,-1.16
197609,1.59,4.49,1.1,5.92,2.91,1.6,0.45,3.63,4.08,0.92
197610,-1.62,-1.16,-3.28,-2.42,-4.5,1.29,-0.91,-3.74,-0.81,-0.43
197611,1.74,-0.71,-0.37,0.83,1.62,3.15,4.85,-9.76,3.15,1.99
197612,5.21,9.67,5.81,6.33,3.87,3.45,2.33,6.29,6.5,8.38
197701,-4.08,-4.19,-5.96,0.29,-3.86,0.12,-7.13,-8.83,0.84,-4.16
197702,-1.39,-3.48,-0.63,-3.01,-0.61,0.98,-1.84,-0.21,-3.42,-1.73
197703,-1.4,-3.35,-0.27,-2.07,-0.03,-1.04,-2.75,-1.79,0.18,-0.09
197704,0.52,3.16,0.49,2.52,-3.45,0.66,-3.44,-5.22,1.94,2.13
197705,-0.94,-0.53,-2.98,-0.43,-1.52,1.43,-2.78,-1.89,1.67,-0.89
197706,4.53,4.29,3.4,6.09,7.77,1.94,6.09,9.03,5.71,5.34
197707,1.18,-2.43,-3.62,-1.8,-0.16,-0.85,-0.22,-2.23,0.87,-0.39
197708,0.11,-0.85,-1.27,-5.84,0.5,-2.28,4.63,3.84,-3.25,-1.18
197709,0.27,1.55,-0.93,0.74,-1.78,3.48,-0.7,-0.89,2.01,-0.1
197710,-3.35,-4.46,-4.63,-3.55,-3.22,-5.05,-3.18,-1.75,-3.15,-4.41
197711,4.59,1.87,4.33,3.47,5.28,2.16,5.55,6.09,4.29,6.49
197712,0.01,-0.75,0.74,1.89,2.38,2.15,-1.23,0.62,-0.33,0.62
197801,-5.3,-6.82,-6.03,-6.93,-4.74,-4.16,-6.84,-1.89,-4.54,-5.29
197802,0.11,0.38,-2.63,-1.09,-3.47,4.16,-0.44,-3.02,-0.42,-0.16
197803,4.17,6.1,3.9,2.05,-0.61,2.62,2.85,4.17,2.48,5.46
197804,6.92,9.63,11.38,6.7,13.29,2.93,10.83,9.24,0.18,9.36
197805,4.23,0.18,4.1,0.86,1.67,-0.39,1.26,5.17,0.71,2.6
197806,-0.26,-2.77,-1.47,-3.74,-0.36,-1.54,-1.97,1.14,0.83,-0.35
197807,3.5,4.73,7.84,3.34,8.58,1.43,5.13,8.87,2.82,6.64
197808,4.11,2.97,3.94,5.13,6.02,3.53,5.7,0.97,0.45,6.53
197809,-0.4,-0.51,-2.12,4.76,-4.18,1.22,-2.64,-2.71,-0.25,-1.45
197810,-11.58,-11.18,-11.36,-10.61,-10.76,-4.5,-14.18,-12.84,-7.1,-14.11
197811,2.19,0.68,2.87,6.18,5.08,3.02,2.63,5.18,3,2.51
197812,1.68,-0.62,1.41,2.82,6.4,0.1,-0.66,3.42,-1.25,1.29
197901,4.18,5.06,6.51,3.09,4.3,3.66,5.73,1.42,6.37,6.03
197902,-3.49,-3.6,-4.49,0.61,-3.32,-0.65,-4.42,-4.52,-1.64,-3.21
197903,4.15,6.6,7.34,9.28,7.61,0.16,6.12,5.04,2.32,8.16
197904,0.2,2.93,-0.46,4.33,0.33,-2.15,0.88,0.43,-2.75,1.49
197905,-1.78,-0.69,-2.29,-2.46,-1.98,0.09,-2.44,-2.64,1.44,-0.28
197906,3.32,3,3.49,9.27,0.5,1.93,2.8,4.83,4.97,7
197907,2.03,2.06,2.02,1.58,-1.49,-0.11,1.26,0.15,2.07,3.31
197908,7.56,4.72,7.71,7.93,5.91,1.52,8.88,8.58,2.05,5.78
197909,-1.87,0.39,-0.69,5.92,-1.75,-2.38,-0.75,-0.55,-2.19,-0.66
197910,-7.66,-9.28,-8.85,-2.55,-7.74,-5.07,-8.89,-4.34,-5.83,-10.15
197911,5.16,-2.2,4.72,8.92,8.18,4.06,3.83,8.79,7.78,7.03
197912,3.37,3.26,4.46,2.49,1.79,-1.52,3.07,2.08,-1.01,4.12
198001,3.11,9.11,7.06,14.05,7.35,-2.07,1.31,-1.29,1.55,5.54
198002,-4.86,-6.35,-2.5,13,-3.59,-1.4,-4.86,-4.64,-3.42,-3.37
198003,-8.17,-8.8,-11.77,-17.91,-12.67,-2.66,-9.63,-2.85,-6.6,-12.33
198004,6.4,-1.75,3.21,6.86,0.72,7.33,4.5,4.29,12.04,6.13
198005,7.95,4.37,6.25,4.13,4.81,5,10.68,6.97,4.6,8.09
198006,2.99,2.79,2.34,5.84,3.03,-0.57,2.42,0.22,4.55,5.09
198007,7.74,11.75,10.83,2.01,15.48,1,10.82,8.88,-0.12,6.84
198008,1.47,1.53,1.58,3.66,3.66,6.3,1.8,0.27,-1.17,2.7
198009,0.2,0.93,2.83,6.53,1.99,-1.62,1.28,3.62,0.12,3.82
198010,0.29,-1.72,0.42,7.76,1.96,-3.21,-1.15,-1.24,1.92,1.56
198011,0.93,4.89,8.41,24.3,9.83,-0.46,2.58,8.88,7.39,7.67
198012,1,-1.08,-2.07,-10.59,-1.14,1.22,-1.39,4.61,-1.92,0.04
198101,2.03,-2.24,-1.96,-10.16,-8.07,5.55,0.44,-1.62,-2.56,-3.36
198102,2.48,6.45,4.38,-0.31,0.47,2.13,2.68,1.8,-1.27,1.67
198103,6.94,6.98,6.05,-2.05,4.98,1.17,12.84,5.87,3,9.03
198104,1.15,1.87,-1.02,-7.8,0.17,6.2,2.89,3.03,-2.69,0.33
198105,2.65,2.88,-0.41,-3.95,4.26,7.21,2.86,3.46,1.84,2.8
198106,-0.18,-4.3,-1.25,4.71,-6.74,-1.91,-1.43,-5.6,3.46,-1.36
198107,-0.76,-2.91,-2.86,7.94,-3.79,0.34,-3.4,-3.9,2.8,-2.73
198108,-4.93,-7.93,-6.92,-6.34,-7.31,-0.77,-5.61,-7.75,-0.85,-5.52
198109,-2.17,-2.96,-7.17,-12.3,-3.91,2.84,-3.63,-1.29,-5.54,-5.29
198110,7.41,-4.15,3.7,9.6,5.21,6.02,6.76,7.96,4.89,7.15
198111,2.66,4.86,4.67,6.85,1.5,2.7,1.07,3.94,5.95,5.05
198112,-1.81,0.47,-1.66,-6.41,-0.02,-1.45,-1.92,-0.74,-2.35,-3.79
198201,-0.92,1.16,-3.3,-8.47,2.7,0.67,0.13,1.44,-0.67,-3.18
198202,-1.94,-2.05,-5.62,-11.2,-5.32,-5.69,-1.41,-1.74,-0.34,-3.92
198203,2.47,3.51,-1.77,-3.41,-3.56,2.05,4.28,-2.56,1.66,-1.26
198204,6.68,4.44,3.25,4.31,7.44,-1.36,5.31,7.39,3.85,3.64
198205,-3.29,-1.95,-4.75,2.34,-5.45,0.2,-2.73,-3.05,-0.54,-5.59
198206,1.66,2.67,-2.57,-6.26,-2.38,-2.45,2.65,-0.75,-2.21,-2.42
198207,-0.45,-0.33,-2.33,-8.11,1.51,1.2,0.22,0.78,-2.59,-3.03
198208,9.16,13.86,13.96,10.05,12.86,10.85,12.6,12.44,12.08,11.36
198209,5.14,-0.75,-1.04,1.85,1.17,1,4.77,1.36,1.07,4.2
198210,10.46,16.52,13.06,5.5,16.99,8.12,16.87,8.22,4.73,15.68
198211,5.23,8.25,5.79,-4.58,10.69,6,11.19,5.17,0.12,7.57
198212,0.97,3.03,0.73,5.53,2.65,-1.23,-2.07,0.58,4.34,-1.36
198301,-1.01,5.17,5.03,3.64,8.38,12.44,1.26,1.42,3.67,2.85
198302,3.76,3.64,4.06,-0.59,3.61,-0.37,7.91,2.83,1.59,4.56
198303,7.52,-1.15,2.1,5.93,0.66,0.64,8.51,4.54,0.25,4.95
198304,6.2,10.88,6.34,9.36,7.49,5.14,8.58,5.05,4.78,8.34
198305,-0.95,-2.08,2.01,1.33,2.8,-1.31,0.47,-2.75,2.54,2.37
198306,3.19,10.32,1.58,6.43,6.13,0.18,6.11,6.92,-0.55,1.68
198307,-2.66,-3.9,-2.58,-2.27,-5.36,-5.17,-3.28,-5.68,1.02,-3.64
198308,0.72,-2.37,0.6,6.87,-1.11,2.2,-4.73,-1.01,1.52,-0.91
198309,4.66,4.39,2.28,-4.6,2.16,2.26,2.19,1.3,4.66,1.6
198310,-0.21,0.04,-2.29,-2.05,-6.95,-5.19,-1.77,-2.18,3.05,-4.07
198311,2.3,4.23,6.48,-0.45,2.33,3.17,4.44,-3.03,-1.64,4.72
198312,-0.47,0.92,-1.11,2.1,0.36,-1.53,-4.72,-3.63,-3.64,-0.87
198401,-0.71,-5.38,-3.49,9.85,-6.2,4.1,-5.85,-0.57,1.44,-1.63
198402,-5.65,-6.09,-6.59,3.96,-5.93,-3.68,-4.45,-2.03,-3.34,-4.93
198403,1.63,0.37,3.29,0.27,1.79,-4.3,1.21,-0.67,-0.31,2.45
198404,0.57,1.32,-0.13,3.98,-0.43,2.2,0.34,2.32,-0.5,-2.03
198405,-2.41,-5.79,-5.81,-5.12,-5.6,-3.57,-5.18,-6.46,-0.83,-6.88
198406,6.32,2.11,3.19,-2,1.79,12.21,7.4,3.86,0.44,2.22
198407,-1.57,2.53,-1.47,-7.47,-2.45,2.81,0.12,-3.77,-0.01,-1.87
198408,8.69,10,11.9,14.01,13.96,6.72,9.86,10.44,7.78,11.09
198409,1.26,-0.2,-2.57,2.25,-3.94,2.92,0.06,-4.42,4.86,2.18
198410,1.38,2.15,0.59,-4.35,-0.55,-0.8,-0.69,1.66,3.35,0.77
198411,0.38,-3.03,-1.35,-0.99,-3.8,-0.24,-2.91,-0.08,3.06,-0.34
198412,2.44,4.61,2.16,-0.57,2.54,5.12,0.76,2.71,2.65,3.7
198501,4.84,9.84,8.47,6.54,12.56,5.86,13.13,8.31,2.4,9.81
198502,5.07,-1.57,1.33,3.88,-1.32,2.69,2.1,3.6,1.37,2.1
198503,4.64,-5.23,-2.76,1.45,-6.02,5.48,-0.61,3.07,6.13,-0.16
198504,-2.13,-3.45,-1.49,3.8,-3.64,0.9,0.04,-1.77,1.6,1.44
198505,7.98,5.9,6.09,0.62,2.84,6.63,9.6,9.37,5.38,6.3
198506,2.76,1.49,1.51,-0.64,-0.7,4.1,1.6,2.27,3.62,2.86
198507,-2.62,2.54,3.41,-0.59,4.41,-4.57,-3.99,-0.47,-4.65,-0.16
198508,0.7,-3.03,-1.14,1.58,-2.53,0.53,-0.61,-0.82,1.92,-0.38
198509,-0.57,-3.09,-3.98,-1.3,-4.74,-4.08,-4.33,-3.92,-5.38,-4.98
198510,3.57,0.98,3.29,5.95,3.02,4.16,6.83,2.87,6.33,6.4
198511,8.23,9.88,7.94,0.34,8.66,7.41,7.97,9.56,4.1,7.42
198512,5.46,7,4.48,-2.68,8.27,6.03,4.54,3.52,4.98,4.47
198601,1.79,2.09,1.62,-6.8,-0.29,-3.78,1.65,1.06,3.79,3.54
198602,10.83,10.74,10.24,0.87,4.96,7.39,7.82,6.07,6.59,8.34
198603,8.12,7.84,5.99,0.95,-0.08,4.18,8.56,12.08,3.98,5.76
198604,0.43,-3.31,-1.61,0.75,3.92,2.43,0.4,0.71,-3.93,-2.57
198605,8.87,3.06,4.41,7.36,0.95,4.59,9.77,7.25,3.63,4.66
198606,6.32,-1.17,-0.04,-2.05,-3.87,5.38,3.94,5.68,5.05,1.54
198607,-5.73,-8.95,-7.51,-5.12,-8.34,-2.98,-9.39,-5.36,5.13,-6.43
198608,2.58,7.01,6.46,16.73,6.98,6.84,1.66,4,7.92,6.81
198609,-10.85,-8.12,-6.55,-0.88,-6.97,-9.44,-8.46,-12.6,-9.11,-8.83
198610,8.86,6.01,6.47,1.91,0.59,4.63,7.31,7.98,5.21,4.2
198611,0.72,4.64,2.44,3.25,3.55,3.98,1.61,1.37,0.55,-0.66
198612,-3.22,-2.57,-1.98,-0.46,-3.67,-3.71,-5.99,-1.22,-3.3,-2.58
198701,14.46,18.66,14.44,14.15,16.4,5.3,11.72,13.15,9.3,11.17
198702,5.61,3.59,4.78,-1.76,9.43,0.03,9.81,11.12,-2.15,4.66
198703,1.14,4.43,3.4,11.83,2.61,1.39,1.68,0.15,-1.68,-0.36
198704,-3.68,4.11,-1.56,0.11,4.39,-2.47,-2.7,-2.45,-4.33,-4.07
198705,2.63,-1.29,0.33,3.02,0.29,3.29,-0.05,1.25,-1.85,-0.01
198706,6.79,2.78,5.19,5.83,-0.02,6.95,6.26,4.78,3.4,4.62
198707,5.73,6.93,7.02,3.19,0.96,5.84,5.7,5.79,-1.67,3.55
198708,3.67,5.66,2.85,1.93,7.46,5.08,3.33,2.21,3.71,4.33
198709,-2.77,-3.83,0.29,-3.86,-2.68,3.34,-6.37,-2.57,-2.31,-1.8
198710,-20.98,-26.58,-27.33,-18.85,-25.82,-12.16,-27.91,-20.3,-6.93,-23.72
198711,-8,-8.33,-5.16,-10.66,-9.87,-8.9,-8.65,-9.31,-2.55,-6.57
198712,7.56,8.76,10.87,6.75,11.89,3.91,8.59,5.35,0.56,5.39
198801,3.04,4.28,0.28,8.43,-2.48,10.03,5.62,6.37,9.77,6.31
198802,6.04,6.45,7.76,3.61,7.48,1.24,10.27,4.21,-1.41,4.33
198803,-1.52,-3.62,-1.34,2.62,-4.69,-3.96,-1.15,-2.49,-3.18,-1.35
198804,-0.17,2.72,1.6,4.62,2.62,0.74,1.6,-2.01,-0.3,-0.39
198805,-0.26,0.96,-0.41,-0.41,-1.34,2.34,-1.41,-0.37,3.62,0.94
198806,3.37,7.83,7.57,-2.08,9.42,2.91,6.44,2.78,3.23,6.03
198807,1.31,0.1,-2.28,3.59,-4.91,0.15,-0.93,0.51,-0.22,-0.61
198808,-0.34,-6.38,-4.4,-1.5,-8.09,-2.9,-2.26,-1.08,-0.12,-0.91
198809,6.69,3.66,3.5,-2.47,2.88,7.07,8.14,3.76,2.67,4.06
198810,8.33,3.21,0.76,1.89,-0.09,2.97,1.39,1.26,2.51,0.01
198811,-1.22,-0.88,-2.19,-0.29,-3.05,0.05,-2.7,-2.13,-0.5,-2.16
198812,3.27,0.39,3.14,1.83,4.64,1.25,1.59,1.76,1.04,0.91
198901,5.6,7.41,7.46,6.26,7.11,8.36,6.18,6.81,2.67,6.86
198902,-1.27,-2.8,-2.1,-1.28,-3.74,-1.37,-1.87,-1.24,-1.78,-0.52
198903,5.7,-1.59,1.19,3.89,-5.33,5.29,2.63,4.91,0.55,3.57
198904,5.8,0.33,5.34,2.49,5.18,9.54,5.35,5.43,3.97,4.63
198905,4.93,1.86,3.68,2.7,2.38,5.92,5.28,3.37,5.28,4.24
198906,1.44,1.45,-2.67,-1.01,-3.17,0.18,-2.13,-2.95,3.42,0.77
198907,11.9,5.24,7.62,3.76,2.95,9.13,9.17,13.57,5.81,8.11
198908,-1.98,4.89,4.38,3.52,2.47,0.8,2.61,0.4,-0.8,3.22
198909,-0.57,-4.66,-2.57,1.35,-2.73,4.03,-2.35,2.34,0.48,1.4
198910,-2.45,-5.73,-4.34,0.75,-4.33,-1.96,-4.03,0.37,1.01,-4.9
198911,1.69,-1.12,3.07,3.99,-2.03,2.11,1.22,4.56,3.24,-0.05
198912,1.39,-1.35,2.96,6,-1.05,5.85,1.22,1.04,4.8,-1.6
199001,-9.47,-3.52,-6.31,-4.28,-1.47,-13.04,-6.41,-7.3,-5.35,-8.92
199002,-0.55,5.05,2.56,3.11,4.04,-0.26,1.93,-2.08,0.21,2.52
199003,4.63,2.88,3.88,-0.59,4.63,4.22,5.16,3.8,-0.75,-0.38
199004,-0.17,-4.08,-2.77,-3.58,-1.94,-3.29,-2.08,0.34,-5.52,-3.42
199005,9.09,7.75,8.11,6.05,12.41,9.2,11.53,12.81,5.43,9.18
199006,2.08,-2.21,-0.55,-2.04,-1.27,-4.74,1.53,4.42,0.75,-1.73
199007,-0.79,-3.45,0.18,8.3,-7.64,-4.42,-4.14,2.67,0.9,-3.58
199008,-7.37,-14.24,-12,-1.3,-12.04,-10.38,-12.04,-6.65,-6.64,-11.3
199009,-4.07,-10.63,-8,-1.62,-6.55,1.82,-8.77,-4.32,0.48,-9.97
199010,2.5,-3.29,-1.93,-3.97,-3.17,3.02,-3.04,1.46,7.22,-6.49
199011,6.56,4.17,7.37,1.62,11,2.12,10.43,9.68,2.31,10.63
199012,4.4,-0.41,4.93,-2.04,4.07,1.51,3.3,2.87,0.79,5.49
199101,5.1,7.37,6.3,-2.03,15.08,0.02,9.39,4.78,-1.37,7.39
199102,10.31,10.27,5.84,8.56,5.99,3.03,8.35,10.16,4.84,9.8
199103,4.82,1.22,1.41,1.29,0.28,2.3,8.6,6.24,1.72,3.07
199104,-0.99,-2.28,0.5,2.4,-2.71,1.13,2.02,-1.21,-0.05,1.34
199105,3.61,14.88,7.6,-1.42,3.68,-1.46,7.72,4.47,0.15,4.98
199106,-4.96,-4.49,-4.26,-3.66,-8.86,-1.49,-4.31,-4.19,-2.37,-5.24
199107,5.77,-0.42,3.11,5.03,4.75,3.11,5.31,8.51,3.99,4.74
199108,5.48,-2.15,1.86,1.63,2.84,0.66,3.6,2.95,3.52,3.21
199109,-3.24,-2.67,-2.31,-0.68,-1.48,0.37,-3.16,-0.33,3.72,-0.67
199110,-0.54,-1.99,1.48,2.06,2.13,1.93,-1.94,6.53,1.25,2.25
199111,-0.42,-8.02,-5.57,-7.75,-4.32,-4.75,-1.2,-2.53,1.9,-5.41
199112,14.77,7.61,11.58,2.15,9.29,9.85,13.04,16.6,5.01,12.76
199201,-3.12,10.5,2.31,-4.13,6.43,-2.88,0.28,-5.44,-4.57,1.99
199202,1.05,12.36,2.2,-0.54,3.81,-1.45,2.64,-2.74,-1.24,3.07
199203,-1.51,0.8,-1.16,-2.72,-5.07,-0.87,-1.36,-5.53,-0.53,-2.19
199204,0.76,7.95,3.03,9.46,-0.9,7.1,-3.51,-2.3,2.69,0.62
199205,1.31,-1.93,-0.61,3.15,0.1,-2.61,0.24,1.11,2.54,1.47
199206,-2.81,2.18,-3.25,-3.5,-4.05,1.49,-1.92,-4.78,0.54,-0.06
199207,4.67,0.3,2.91,5.28,2.86,5.46,3.83,5.79,6.73,3.12
199208,0.87,-9.61,-3.53,2.55,-4.38,-0.97,-0.5,-3.46,-0.47,-3.46
199209,1.06,0.1,1.79,0.13,3.33,1.91,4.08,-4.86,0.83,3.44
199210,-0.82,-0.02,0.96,-3.5,1.95,-0.55,4.36,3.34,-0.42,2.98
199211,3.62,8.58,3.93,-2.71,6.58,3.88,7.08,4.84,-0.23,6.11
199212,0.05,3.35,1.44,1.99,0.02,5.64,0.61,-1.35,2.71,3.8
199301,-0.8,9.58,0.16,2.78,4.8,1.33,0.09,-6.87,2.46,3.36
199302,-2.14,-0.3,1.71,6.02,-0.53,5.6,-1.48,-9.01,6.23,0.35
199303,0,5.4,2.2,4.09,2.25,3.35,2.78,0.73,1.76,3.8
199304,-9.32,2.44,0.04,1.1,-3.58,-2.88,-8.09,1.29,-0.15,-3.28
199305,2.67,1.1,2.34,1.82,8.74,4.16,5.87,3.6,-0.04,1.64
199306,-0.69,3.45,-0.27,-1.11,-0.52,4.64,-2.89,-2.98,3.19,2.3
199307,-2.36,1.49,-0.11,0.47,-3.84,2.14,0.73,-5.98,1.94,2.06
199308,4.3,0.47,3.48,4.28,6.57,5.25,3.93,3.03,3.7,3.47
199309,-1.84,1,-1.89,1.34,1.2,-0.48,-0.38,0.84,-0.64,1.78
199310,6.04,7.73,3.08,-1.97,1.65,2.42,4.59,5.93,-1.97,-2.33
199311,0.69,0.67,1.34,-5.99,-0.23,-5.96,0.76,0.98,-5.52,-2.83
199312,1.47,4.44,3.76,0.6,2.95,-0.53,-1.88,2.32,1.61,2.53
199401,-0.41,7.17,4.85,4.88,4.62,2.17,1.1,1.74,-1.2,4.36
199402,-1.27,-4.43,-0.67,-2.96,1.72,-5.5,1.88,-5.42,-4.98,-3.85
199403,-4.04,-6.48,-4.41,-3.58,-3.8,-3.61,-4.84,-6.75,-3.94,-4.29
199404,1.23,-0.59,0.04,4.19,-1.53,1.59,0.21,2.25,2.13,1.37
199405,-1.35,-2.64,2.04,0.94,2.09,1.63,-1.81,4.31,-5.36,3.04
199406,-1.9,-3.42,-2.61,-2.7,-5.15,0.62,-2.63,-3.42,-3.15,-2.61
199407,2.92,3.48,4.59,3.25,3.78,3.1,0.94,1.1,5.19,2.7
199408,6.05,-0.04,4.73,-0.1,9.19,1.02,4.41,10.87,0.66,3.48
199409,-0.32,-5.06,-1.65,-2.1,-0.39,-1.15,-2.32,1.71,-2.79,-4.21
199410,2.2,-1.74,0.57,7.4,7.07,-0.13,1.3,0.91,1.59,0.06
199411,-1.67,-5.07,-5.34,-4.86,-2.09,-5.42,-3.42,0.43,0.28,-5.18
199412,1.33,3.88,4,-0.99,2.46,0.86,-2.7,0.57,0.35,1.4
199501,1.81,-5.75,-0.4,0.37,-0.8,4.16,1.59,6.06,6.22,4.68
199502,2.94,5.12,5.54,4.5,6.66,1.51,2.66,2.32,0.82,4.86
199503,2.76,1.43,3.51,5.28,4.54,0.24,3.62,2.77,-1.75,1.9
199504,1.9,1.44,2.95,2.22,8.23,1.62,-1.72,3,2.38,1.77
199505,4.75,4.8,3.21,4.08,2.92,0.91,2.67,1.63,6.04,4.46
199506,1.68,0.75,2.1,-3.07,9.7,3.87,4.94,4.48,-0.46,2.22
199507,1.15,2.46,3.63,2.29,7.71,5.07,3.57,5.47,-0.37,4.75
199508,0.64,0.79,-0.22,-1.58,0.05,4.38,-2.71,1.03,0.99,3.72
199509,6.73,-0.64,2.22,1.29,1.27,5.75,2.89,7.38,6.3,4.47
199510,0.54,-4.9,-2.65,-0.26,1.47,0.15,-5.48,1.03,1.48,-1.99
199511,4.52,5.5,6.42,4.79,-0.44,2.79,6.14,4.93,1.58,6.11
199512,1.51,3.06,1.49,5.8,-4.1,4.12,-0.84,5.89,5.1,1.05
199601,2.61,3.47,3.31,-0.41,2.01,2.28,-0.3,6.05,1.86,3.48
199602,3.22,2.03,0.9,1.02,6.36,-2.38,4.41,-1.12,-2.67,2.14
199603,-0.84,4.34,3.43,5.01,-3.33,-2.01,5.97,0.21,-0.52,1.81
199604,0.17,3.6,1.66,3.45,9.68,2.88,4.27,-0.61,-2.66,0.22
199605,6.55,2.24,2.28,0.52,3.89,-0.02,4.39,3.91,1.32,1.5
199606,3.2,-4.83,-0.43,0.97,-4.75,0.55,-1.71,-0.25,5.27,-0.24
199607,-4.05,-4.54,-4.01,-4.63,-7.4,-8.49,-7.62,-6.25,-5.81,-4.24
199608,-0.81,3.01,3.16,2.94,4.4,-1.32,6.07,4.31,2.89,3.91
199609,3.75,1.37,6.14,4.01,10.65,1.62,3.68,7.36,0.68,5.09
199610,1.55,3.22,1.64,5.96,-1.92,-0.31,-2.29,-0.85,3.61,3.94
199611,5.16,6.04,6.08,5.54,11.93,5.49,3.11,6.61,2.6,7.45
199612,0.5,-2.26,-0.36,0.79,-2.74,2.9,-3.43,-2.62,0.13,-1.81
199701,5.75,2.99,4.18,4.35,9.3,2.29,0.1,9.57,0.92,6
199702,4.15,0.55,0.67,-5.74,-7.42,2.57,3.16,0.93,-0.57,2.57
199703,-5.24,-3.32,-3.64,5.23,-5.66,-7.83,-1.45,-7.48,-2.79,-5.82
199704,5.31,3.81,5.37,0.03,7.68,2.49,2.11,6.07,-1.39,5.1
199705,5.93,6.3,7.82,7.32,10.18,6.56,6.03,7.01,3.63,6.03
199706,3.58,3.35,5.2,1.28,1.43,3.46,5.1,8.87,3.14,5.2
199707,3.34,7.46,7.18,7.43,15.97,2.25,7.8,2.1,2.83,9.23
199708,-6.41,1.23,-5.41,0.29,-1.39,-2.41,-2.52,-6.1,-1.16,-4.72
199709,5.54,5.19,3.39,6.25,3.43,9.65,5.3,6.61,4.62,8
199710,-3.15,-3.37,-5.84,-2.02,-8.28,2.88,-1.97,0.09,0.89,-2.8
199711,6.46,-1.42,4.22,-3.48,1.44,10.68,5.31,2.77,7.18,2.93
199712,3.77,3.63,-0.28,-1.46,-4.22,4.16,-0.15,3.52,8.01,5.19
199801,-2.73,0.49,0.69,-5.66,5.25,5.09,0.9,5.66,-4.38,-1.96
199802,4.96,12.29,7.09,6.79,10.34,2.41,10.38,5.53,2.64,8.2
199803,5.88,6.18,4.81,4.8,1.31,10.09,6.79,3.58,6.7,5.9
199804,-3.24,1.8,1.22,3.74,5.18,-3.21,-0.63,1.91,-2.49,2.01
199805,1.1,6.15,-2.49,-4.27,-7.04,-1.82,2.12,-2.5,-1.09,-3.08
199806,4.14,1.12,-0.74,-1.24,8.74,2.93,5.26,6.2,3,3.11
199807,-4.14,-1.04,-5.76,-6.49,0.52,3.82,-2.92,-0.26,-5.41,-1.73
199808,-13.1,-18.96,-14.31,-10.39,-17.68,-12.36,-14.2,-12.37,1.96,-21.43
199809,1.26,0.8,0.66,12.95,15.15,10.27,1.48,12.09,8.17,3
199810,10.99,10.63,11.27,1.16,6.21,6.74,10.69,3.83,-1.77,8.34
199811,6.41,5.24,3.52,0.61,11.66,3.66,9.46,6.19,1.33,6.05
199812,0.33,3.74,2.39,-1.24,15.15,14.39,9.22,4.94,2.86,3.39
199901,-3.47,4.9,0.59,-4.97,15.07,9.13,2.18,0.28,-6.25,0.97
199902,-3.99,-4.5,-2.13,-3.26,-11.57,-2.89,-1.34,0.17,-3.63,0.01
199903,-2.03,-0.37,4.86,15.28,8.47,-0.68,2.7,2.51,-1.64,2.42
199904,3.91,9.41,9.45,15.77,2.26,7.75,0.38,-5.53,7.35,6.71
199905,1.37,-4.47,-3.3,-3.1,-0.83,0.66,-2.98,-2.03,6.73,-3.89
199906,0.26,0.93,4.51,-1.48,11.56,5.88,8.07,4.43,-4.49,3.05
199907,-2.44,-6.03,-1.16,1.64,-1.73,-1.72,-5,-4.4,-0.58,-5.94
199908,-4.59,0.6,-0.52,1.92,5.46,-8.25,-5.96,3.76,0.58,-5.04
199909,-6.91,-8.37,-3.15,-3.96,-0.1,4.65,1.27,-7.07,-4.28,-4.55
199910,6.6,4.6,5.71,-1.57,3.01,8.3,3.21,10.73,2.16,11.43
199911,-1.1,-2.2,-0.98,3.81,12.75,4.61,4.15,1.52,-7.36,-2.49
199912,-2.64,2.75,10.28,0.63,20.75,4.53,6.76,-5.62,-2.37,1.4
200001,-4.72,-1.33,-8.66,1.28,-5.21,-3.85,-11.01,7.63,5.54,-4.75
200002,-6.27,-8.81,-3.74,-5.6,18.04,-3.69,-3.95,-2.51,-7.07,-7.38
200003,7.43,10.89,7.52,11.92,4.09,8.27,13.39,-0.03,5.89,14.36
200004,-1.96,8.69,1.46,-2.31,-10.55,-8.33,-4.48,5.04,7.42,-2.83
200005,7.1,-12.31,-1.72,9.39,-10.85,-9.97,-2.83,3.72,3.96,3.35
200006,2.18,-8.99,-1.28,-5.05,12.63,3.99,-2.21,10.99,-4.68,-3.13
200007,0.72,4.73,-1.45,-2.68,-5.15,-6.74,-1.22,-6.51,3.87,5.36
200008,-2.08,5.44,7.41,8.75,12.68,-1.49,-2.4,3.5,11.66,9.24
200009,3.73,-4.16,-5.7,4.56,-14.73,-4.45,2.66,3.67,8.8,0.25
200010,7.48,2.55,3.4,-2.81,-7.47,-0.17,-1.75,2.06,-1.67,-1.29
200011,2.7,-11.14,-3.08,-2.52,-23.2,-16.53,-1.04,0.75,2.96,-5.98
200012,5.44,0.08,6.97,7.5,-7.99,-4.27,5.67,3.49,6.47,6.47
200101,-2.18,13.05,-0.98,-3.43,16.18,15.5,6.41,-8.51,-10.23,0.63
200102,0.14,-1.25,-3.79,-0.03,-26.07,-10.3,-5.33,-0.54,6.18,-4.25
200103,-4.78,-3.33,-6.05,-0.1,-13.89,-6,-2.87,-8.59,1.05,-4.5
200104,0.92,8.7,7.55,10.02,18.01,4.01,5.6,4.25,5.41,6.08
200105,3.4,-1.56,2.15,0.1,-3.2,-1.63,1.61,2.77,0.47,3.64
200106,-1.52,3.79,-4.65,-7.46,1.41,-2.68,-2.58,-2.98,-6.15,-0.09
200107,-0.54,3.26,0.53,-2.23,-7.57,-0.96,4.55,2.28,-3.84,-2.17
200108,1.99,-10.05,-2.18,-3.5,-12.63,-8.64,-6.92,-3.1,0.53,-5.2
200109,-3.52,-17.27,-12.7,-6.18,-19,-2.35,-9.51,-0.63,-6.6,-7.87
200110,1.28,1.07,3.94,5.14,15.7,-9.57,1.57,1.26,1.76,-0.98
200111,2.58,15.01,8.46,-4.21,15.89,5.85,9.81,5.02,-1.43,7.2
200112,1.89,-0.84,2.64,5.97,-0.63,2.6,4.34,-2.82,4.04,3.68
200201,0.87,2.85,1.56,-2.87,-0.52,-7.15,2.61,-2.41,-4.33,-1.56
200202,4.24,3.27,4.36,5.56,-13.15,-2.75,-0.15,-0.45,-0.36,-0.25
200203,3.8,6.89,4.93,7.69,6.5,0.36,2.09,0.54,10.29,5.24
200204,2.12,1.93,-1.51,-4.55,-11.9,-12.76,-1.62,-7.55,-0.42,-2.75
200205,1.27,-0.43,-0.26,-0.74,-3.59,3,-1.44,-2.28,-6.92,-0.53
200206,-6.05,-8.16,-2.98,0.01,-12.15,-14.4,-5.1,-9.53,-5.81,-5.11
200207,-6.63,-11.92,-8.52,-11.83,-9.7,-11.67,-11.43,-2.76,-12.14,-6.37
200208,2.25,0.62,-1.29,0.63,-0.96,0.2,1.84,0.65,3.4,1.13
200209,-7.73,-10.9,-8.34,-7.85,-16.6,-9.85,-9.44,-5.89,-10.88,-10.6
200210,5.06,-2.71,3.78,3.14,19.37,21.94,5.72,5.68,-0.61,6.38
200211,-1.09,11.99,6.25,3.02,16.27,11.81,1.9,3.78,1.58,4.2
200212,-0.23,-6.52,-3.81,0.84,-12.9,-9.51,-6.99,-4.09,3.83,-4.79
200301,-3.93,-3.4,-4.07,-2.5,-1.51,-4.11,-4.76,-0.6,-3.21,-2.38
200302,-2.88,-4.79,-2.27,1.95,1.16,-6.45,-1.21,-1.96,-3.98,-2.7
200303,-2.62,-2.57,1.32,1.5,-0.97,-0.43,4.68,3.73,4.31,1.04
200304,4.38,15.05,6.3,-0.47,9.18,11.26,8.97,4.27,7.23,11.64
200305,9.54,2.86,4.66,8.66,9.8,6.32,3.48,3.94,10.16,5.23
200306,1.66,2.42,0.54,-0.96,0.35,2.09,3.44,4.16,1.06,0.91
200307,-1.69,6.67,4.97,-2.62,5.6,-1.71,3.29,0.48,-5.43,3.61
200308,0.29,8.03,4.09,6.19,6.06,1.26,6.73,-2.82,1.92,0.62
200309,1.14,-4.21,-3.74,-2.18,-0.93,-5.52,-4.54,0.3,3.84,0.26
200310,5.93,7.31,8.89,1.65,8.28,6.83,9.03,0.87,1.51,6.34
200311,3.59,3.07,2.08,0.65,1.86,-0.63,0.56,1.82,0.95,1.15
200312,3.44,11.9,6.73,13.6,2.15,7.57,-2.13,5.64,5.86,4.28
200401,0.06,-0.76,-0.7,0.23,4.51,1.65,0.45,3.1,1.91,2.89
200402,4.26,0,1.97,4.54,-2.91,-0.42,6.1,0.89,2.11,2.13
200403,-0.09,-1.36,-0.28,0.02,-2.51,-2.03,0.28,-3.91,1.14,-0.66
200404,1.41,2.46,-0.17,2.66,-4.89,-0.43,-2.72,3.51,-3.57,-3.7
200405,-1.91,-1.64,1.67,0.55,4.83,-2.96,0.3,-0.42,1.26,1.72
200406,1.67,5.34,5.3,5.46,2.67,0.8,0.03,-0.5,2.03,1.31
200407,-5.97,-4.64,-4.06,3.32,-8.51,-1,-4.03,-5.93,1.06,-2.3
200408,0.79,-2.23,1.34,-1.38,-4.51,1.17,-1.2,1.64,3.67,1.88
200409,-2.02,2.3,1.94,8.82,3.46,1.33,2.61,-1.41,1.38,1.1
200410,2.84,-3,-1.45,0.64,5.14,3.31,3.06,-2.43,4.24,1.09
200411,4.61,7.27,7.23,6.58,5.73,3.63,3.67,0.67,4.89,4.69
200412,4.77,4.88,2.52,-2.31,3.09,4.18,3.5,5.66,2.48,4.41
200501,0.23,-7.02,-1.76,3.03,-6.32,-4.24,-1.03,-4.08,1.76,-2.17
200502,0.73,-0.25,4.07,19.45,0.03,-0.44,0.63,2.44,2.36,0.15
200503,-0.85,-8,-1.39,-3.44,-2.54,-0.04,0.22,-0.48,0.61,-2.36
200504,-0.96,-11.05,-4.68,-5.61,-4.51,-2,-5.28,3.95,2.13,-1.59
200505,2.33,8.81,2.91,2.1,8.21,1.5,6.43,1.48,1.66,3.24
200506,-1.67,2.1,-1.16,5.76,-1.64,0.19,2.44,-0.58,5.56,1.42
200507,2.71,5.42,5.83,5.89,6.13,3.13,5.83,3.72,2.98,2.41
200508,0.08,-2.87,-1.36,5.81,-0.38,-1.2,-5.6,-0.31,1.25,-1.67
200509,0.37,-4.34,0.84,7.26,0.67,-1.47,-1.8,-1.93,4.38,1.22
200510,-1.5,-5.21,-2.39,-10.16,-1.78,-3.03,1.54,-3.26,-6.85,1.24
200511,0.99,2.21,5.31,1.01,6.45,2.64,3.94,1.59,-0.22,4.91
200512,-0.07,-0.65,1.44,0.44,-1.91,-1.73,-0.59,2.4,1.24,0.19
200601,0.1,5.79,5.17,12.54,4.06,3.86,2.01,2.19,3.03,1.58
200602,1.15,-0.38,1.02,-8.14,-0.99,3.3,1.4,1.05,0.23,0.99
200603,1.24,2.66,3.01,4,2.88,1.8,2.43,-1.01,-3.65,1.87
200604,1.05,0.28,4.08,4.52,-1.14,1.47,-1.58,-1.86,1.82,2.15
200605,1.06,0.63,-3.35,-3.46,-6.9,0,-1.87,-2.2,1.51,-3.09
200606,0.3,1.87,-0.5,2.73,-1.43,2.95,0.29,-0.11,2.42,-0.35
200607,3.55,-3.01,-3.65,5.06,-3.78,2.44,-4.29,4.12,4.83,-0.91
200608,3.06,2.37,2.05,-3.24,7.41,2.28,2.22,2.33,2.28,1.73
200609,-0.65,4.22,1.89,-3.81,3.57,3.66,5.69,1.53,-2.12,3.24
200610,2.81,4.96,4.42,5.2,4.04,5.2,3.92,1.7,5.36,2.95
200611,1.45,1.8,3.54,8.59,3.02,0.63,-1.23,0.07,3.06,1.6
200612,2.02,-0.81,0.5,-1.93,-0.97,4.33,1.46,0.13,0.73,3.21
200701,1.54,2.91,3.16,-1.33,1.99,2.73,3.64,3.51,0.48,1.05
200702,-1.49,-0.4,0.71,-2.12,-2.35,-2.78,-0.68,-2.85,4.16,-2.29
200703,2.65,-1.1,1.64,5.9,0.87,2.31,0.8,-0.25,4.33,-0.26
200704,3.62,6.21,4.41,5.13,4.85,1.74,2.28,6.78,3.92,3.3
200705,2.88,3.17,4.77,7.15,3.92,7.31,2.36,1.14,1.19,3.17
200706,-1.06,1.88,-0.68,0.86,0.53,-1.8,-1.97,-3.37,-4.82,-2.77
200707,-4.15,-5.8,-0.02,-1.1,-1.06,-3.11,-5.32,-4.02,-3.73,-5.27
200708,1.82,-1.79,0.68,0.23,2.89,-0.86,1.53,2.32,1.84,1.18
200709,4,1.72,5.43,7.84,4.17,2.05,-0.65,3.54,3.48,2.63
200710,2.18,0.95,0.97,2.79,6.79,-2.18,1.17,1.41,6.56,0.24
200711,0.85,-8.96,-2.66,-4.34,-7.51,-6.25,-3.73,0.01,-0.71,-5.98
200712,-1.01,-2.16,1,7.7,1.46,-0.25,-2.68,-3.95,0.9,-3.49
200801,-5.19,-5.2,-7.43,-9.11,-12.35,-7.78,-0.47,-4.61,-6.93,-2.04
200802,-0.13,-6,0.74,6.94,-3.58,-3.85,-4.65,-0.93,-3.03,-7.9
200803,1.18,-4.14,-0.15,-2.89,0.67,-0.05,1.85,-1.77,0.81,-1.94
200804,-1.15,6.56,5.07,10.63,6.44,4.62,5.01,0.43,6.39,3.47
200805,3.38,1.33,3.3,4.28,5.65,4.79,1.19,1.62,3.59,-2.39
200806,-7.34,-19.5,-9.19,2.82,-8.82,-10.92,-8.09,-3.01,-0.41,-14.76
200807,2.26,-0.66,-0.24,-15.66,-0.57,-3.09,1.14,6.75,-7.1,4.39
200808,1.72,1.66,1.42,-0.04,2.4,4,5.39,1.77,-0.46,0.67
200809,-2.96,-8.99,-13.51,-12.12,-12.47,-12.61,-5.76,-5.95,-11.84,-6.31
200810,-13.41,-33.62,-20.71,-16.78,-18.26,-15.53,-15.08,-11.03,-11.12,-19.72
200811,-4.37,-10.71,-7.68,0.14,-10.87,-1.58,-7.68,-7.33,1.26,-12.36
200812,0.87,0.17,1.39,-2.43,2.17,3.47,4.89,6.74,-2.04,0.81
200901,-5.05,-12.69,-9.22,-3.53,-3.2,-10.32,-7.61,-2.2,-0.84,-17.66
200902,-7.66,-12.14,-13.53,-12.51,-5.08,-6.95,-3.05,-10.82,-12.52,-14.59
200903,6.44,12.21,7.61,3.96,11.47,7.95,9.98,7.41,2.82,13.07
200904,4.97,44.32,17.06,4.54,12.29,9.65,9.54,-0.94,2.09,16.22
200905,7.16,-3.22,5.5,10.5,3.04,1.05,-0.93,6.21,4.64,7.16
200906,0.65,4.4,-1.73,-4.78,4.53,1.65,-0.29,3.61,4.64,-2
200907,7.31,19.76,11.33,5.35,8.1,5.54,6.77,5.48,4.41,9.17
200908,0.74,2.5,2.97,0.78,2.27,0.73,3.71,2.2,0.25,7.73
200909,4.23,2.1,6.52,5.12,5.23,6.49,2.4,2.18,2.24,3.12
200910,-0.62,-0.61,-2.87,2.48,-1.5,-3.98,0.04,-3.47,-2.71,-5.45
200911,3.86,10.37,7.61,3.22,4.83,6.84,5,8.07,4.58,5.96
200912,2.64,5.65,2.87,-0.52,5.98,6.42,1.95,2.47,5.87,0.88
201001,-2.4,-0.4,-3.31,-4.85,-7.81,-6.77,-1.83,-0.01,-4.45,-0.53
201002,2.66,7.39,5.21,2.59,4.79,2.76,4.29,0.38,-0.42,3.61
201003,5.8,9.38,6.5,3.2,6.68,7.63,6.25,3.63,3.12,8.1
201004,-1.02,7.27,3.18,4.08,2.27,3.41,2.52,-2.18,2.85,1.81
201005,-5.73,-9.07,-8.43,-10.23,-7.76,-5.85,-5.41,-8.08,-6.3,-8.75
201006,-1.91,-10.68,-5.8,-6.26,-6.15,-3.84,-9.11,-1.66,-0.71,-6.5
201007,7.36,15.38,9.81,7.69,7.26,9.59,4.61,2.14,6.81,6.78
201008,-1.17,-9.58,-5.57,-3.44,-6.53,-1.99,-3.97,-1.7,0.36,-7.1
201009,6.15,13.08,10.16,9.2,12.55,7.88,12.15,9,3.65,8.51
201010,4.4,8.54,5.17,4.58,6.41,4.56,2.41,1.94,1.86,2.03
201011,-0.07,7.32,1.48,5.51,-0.73,-1.89,4.18,-3.34,-1.36,0.49
201012,4.35,8.9,6.99,9.41,5.98,6.59,3.21,5.45,3.23,9.23
201101,-2.37,-0.24,3.01,6.93,3.92,0.05,-0.86,-0.72,2.18,2.1
201102,4.72,-2.15,3.43,7.63,2.41,7.4,2.26,3.33,2.42,2.95
201103,3.03,1.87,1.84,2.11,-1.43,1.68,1.1,2.26,0.92,-1.1
201104,4.61,2.78,2.91,1.58,3.12,3.26,4.51,6.25,4,1.06
201105,2.04,-3.58,-2.17,-4.51,-1.76,0.77,0.88,1.99,1.32,-2.64
201106,-1.07,-1.09,-0.6,-2.31,-2.46,-1.38,-0.88,-1.87,-0.34,-2.11
201107,-0.42,-9.03,-4.8,0.49,-0.53,-4.98,-0.64,-3.67,-0.33,-3.64
201108,-0.66,-12.23,-6.16,-9.91,-6.77,-5.04,-2.88,-3.13,0.2,-8.16
201109,-4.87,-13.85,-11.02,-12.23,-4.78,-5.72,-3.89,-3.97,-1.61,-11.09
201110,6.3,23.07,14.17,16.25,11.8,7.61,9.75,5.52,6.7,13.58
201111,1.44,-8.68,1.38,2.15,-1.98,0.3,1.07,1.3,1.01,-2.04
201112,1.89,-1.03,-0.79,-0.35,-1.43,3.12,0.9,3.47,2.91,1.47
201201,0.39,13.66,6.78,1.01,8.47,2.37,4.06,3.43,-2.71,7.23
201202,3.93,5.95,3.89,6.52,6.63,5.07,3.12,1.25,1.3,4.2
201203,3.9,1.38,0.63,-3.27,4.65,2.38,4.66,3.95,1.48,4.91
201204,0.81,-7.3,-0.75,-1.57,-2.1,1.69,0.95,0.6,1.7,-1.68
201205,-2.67,-7.82,-7.81,-10.57,-7.8,-0.77,-3.03,-3.24,-0.88,-7.72
201206,3.44,-5.43,1.18,5.78,2.93,7.02,2.17,6.84,3.42,4.91
201207,1.4,-0.35,0.93,2.81,-0.1,4.15,1.22,1.63,3.5,-1.23
201208,0.12,4.25,3.25,2.36,4.8,0.97,2.76,0.97,-3.46,3.13
201209,0.94,3.4,1.7,3.81,1.21,4.86,1.92,4.68,2.11,3.83
201210,-1.68,6.31,-0.6,-1.86,-6.34,-2.43,-1.03,-1.92,1.09,0.93
201211,3.2,2.56,2.75,-1.49,1.48,0.06,1.47,1.51,-3.79,-0.38
201212,-2.26,7.6,2.77,1.33,0.37,1.15,-1.12,-0.53,0.12,3.66
201301,5.12,3.36,6.04,7.47,2.39,4.85,5.54,8.08,5.05,6.76
201302,3.17,-0.73,1.28,0.68,0.68,2.29,0.84,1.33,2.2,1.4
201303,5.06,4.44,2.61,2.07,2.7,5.64,4.73,6.52,5.69,4.19
201304,3.74,3.94,0.73,-1.39,0.38,4.32,2.72,2.59,5.13,0.83
201305,-2.29,10.04,3.48,3.03,4.56,-1.76,2.23,1.61,-7.14,5.94
201306,0.07,-0.45,-1.99,-2.39,-2.92,1.98,-0.03,-1.38,0.82,-1.2
201307,2.89,9.01,6.21,5.18,5.7,3.43,5.9,8.07,4.58,5.65
201308,-3.91,-1.03,-1.81,-1.9,-0.21,-3.29,-4.26,-3.67,-4.43,-3.68
201309,2,6.45,5.17,1.97,3.82,4.28,4.49,4.17,1.05,3.83
201310,4.82,0.76,4.6,4.79,3.76,5.85,5.12,3.55,3.34,3.83
201311,1.27,1.88,2.97,0.87,3.59,0.08,3.69,4.5,-1.81,4.7
201312,2.47,1.24,3.1,3.03,3.98,3.98,0.25,0.59,1.79,3.15
201401,-5.72,-3.62,-4.28,-6.89,-1.4,-3.81,-6.48,1.79,2.49,-4.33
201402,3.46,8.01,5.42,5.69,5.15,2.56,5.33,6.35,3.09,3.45
201403,3.25,-1.13,0.31,2.43,-0.61,0.15,-0.59,-2.47,2.68,2.04
201404,1.49,0.33,0.83,5.67,-1.05,0.39,-0.93,-0.33,3.98,-1.94
201405,3.37,0.69,1.27,0.88,3.42,4.11,0.99,1.85,0.01,1.78
201406,1.2,4.45,1.41,4.12,2.86,1.54,1.26,2.87,5.43,2.44
201407,-4.35,-4.71,-4.13,-3.56,0.15,0.8,-2.02,-0.34,-6.4,-2.26
201408,5.56,5.07,4.83,2.32,4.24,0.33,5.01,5.54,5.31,4.11
201409,-0.07,-9.38,-2.5,-7.83,-1.4,-1.45,-1.33,-0.22,-3.38,-1.11
201410,2.69,3.49,2.41,-4.19,1.58,1.3,2.71,5.92,6.71,3.41
201411,4.79,4.42,2.28,-9.57,4.28,2.46,7.51,2.52,0.26,2.51
201412,-2.41,0.35,-0.08,0.54,-1.26,-2.05,1.6,-0.83,1.86,1.18
201501,-0.56,-4.28,-3.75,-4.31,-3.46,-4.47,-0.4,1.58,1.24,-6.4
201502,5.13,8.02,6.15,4.72,8.22,8.92,5.67,4,-4.36,7.24
201503,-2.42,-0.58,-2.05,-2.49,-2.51,-2.12,0.66,0.86,-0.31,-0.61
201504,0.81,-0.71,-0.76,6.65,1.44,3.63,-2.09,-1.55,0.28,0.62
201505,1.5,0.99,0.88,-5.11,1.93,0.33,1.07,4.99,-0.43,1.72
201506,-1.53,-1.85,-1.99,-3.75,-3.59,-0.55,-0.61,0.37,-5.27,0.03
201507,4.96,-2.31,-2,-8.95,2.21,1.52,5.14,3.5,2.65,1.82
201508,-4.1,-5.98,-5.61,-3.65,-5.83,-8.38,-5.3,-8.38,-4.08,-6.17
201509,-0.56,-3.45,-4.24,-5.75,-1.32,-2.5,-2.06,-6.92,-0.5,-3.06
201510,6.8,6.96,9.41,12.17,10.12,9.07,4.82,7.51,2.09,6.57
201511,-0.92,1.96,0.41,1.06,1.15,-1.92,1.1,0.58,-3.42,1.38
201512,0.78,-4.08,-2.54,-9.6,-2.52,-2.96,0.04,0.32,-2.39,-2.67
201601,0.17,-12.33,-5.71,-4.37,-5.96,0.39,-4.53,-10.12,4.67,-8.73
201602,0.59,4.09,3.3,-2.95,-0.88,0.91,0.11,-0.97,1.72,-0.42
201603,4.96,10.65,6.91,10.89,8.49,6.16,5.56,3.95,7.84,7.15
201604,0.27,1.54,2.29,9.17,-4.2,0.69,-0.55,4.96,-0.8,2.41
201605,0.74,-1.09,-0.53,-0.59,5.14,0.17,0.96,2.42,2.24,1.2
201606,4.74,-5.48,0.91,2.55,-1.74,3.55,0.73,-0.17,7.43,-3.07
201607,-0.06,8.58,4.07,-2.73,7.53,2.25,3.84,6.16,-0.25,3.73
201608,-0.61,0.25,1.4,1.61,1.79,-3.17,-1.36,-3.15,-3.78,3.29
201609,-2.48,-1.54,-0.02,2.81,2.22,0.47,-0.62,0.6,1.83,-1.02
201610,-0.18,-3.77,-2.55,-2.96,-1.12,-3.05,-4.12,-7.53,-0.66,0.77
201611,-3.87,7.55,6.29,9.59,0.74,6.54,4.28,2.39,-2.65,11.5
201612,3.46,3.98,0.49,1.97,0.92,4.89,-0.3,0.69,3.61,2.96
201701,1.69,2.94,3.34,-4.29,4.6,3.33,1.11,2.02,1.09,0.93
201702,3.75,0.72,4.17,-2.46,4.84,-0.12,2.88,6.97,3.85,3.72
201703,0.88,0.24,0.13,-1.2,2.11,0.88,0.79,0.04,0.38,-1.62
201704,0.51,1.69,1.87,-2.73,2.55,0.11,2.65,0.93,0.32,0.39
201705,3.22,-0.15,1.27,-3.38,4.11,-1.52,1.67,-0.27,2.44,-0.4
201706,-1.12,3.35,1.22,-0.14,-2.03,-2.46,-1.88,5.53,-1.91,4.39
201707,-0.06,-1.01,2.17,2.04,3.61,5.33,0.2,0.69,2.99,1.44
201708,-1.75,0.03,0.33,-5.13,3,-2.48,-1.6,2.59,2.18,-0.57
201709,-0.38,5.39,3.94,10.94,0.6,-1.5,2.49,2.08,-1.95,4.57
201710,0.08,1.31,2.76,0.47,6.89,-5.58,2.69,-2.25,3.02,2.22
201711,4.07,-0.49,3.47,2.99,1.06,4.01,7.77,2.48,2.42,3.92
201712,2.01,-0.72,2.28,5,-0.18,4.49,2.54,-0.16,-4.98,1.36
201801,1.93,2.75,4.09,2.77,7.74,3.15,9.38,6.39,-2.81,5.91
201802,-6.22,-6.04,-4.03,-10.78,-0.01,-7.05,-4.48,-3.49,-4.54,-3.32
201803,-1.08,-5.57,-2.24,3.07,-3.13,-2.53,-2.58,-2.39,3.17,-2.65
201804,-3.95,-0.3,-3.42,9.93,-0.16,-2.31,3.78,-0.05,2.78,0.59
201805,-0.58,3.11,2.5,3.39,6.8,-1.31,0.85,2.38,0.27,1.45
201806,4.33,0.61,-0.98,0.5,-0.41,6.51,2.93,1.47,2.57,-0.94
201807,2.87,-1.16,5.22,1.11,2.55,2.73,3.08,5.9,1.68,3.74
201808,-1.16,-0.54,-0.37,-2.84,7.15,2.89,7.99,4.5,0.93,2.4
201809,0.71,-3.69,1.25,3.37,-0.05,1.79,0.55,2.08,-0.57,-1.5
201810,-0.22,-2.99,-9.79,-11.73,-8.82,-0.41,-8.8,-8.79,-0.06,-6.76
201811,0.49,5.24,4.68,-2.2,-1.58,2.52,2.64,6.41,3.26,2.84
201812,-11.31,-11.58,-8.7,-13.06,-8.22,-8.7,-9.01,-8.24,-4.77,-10.82
201901,7.29,11.03,9.66,10.34,9.3,5.45,8.32,5.31,5.38,9.74
201902,1.34,3.74,5.2,2.47,5.66,3.04,0.8,3.3,3.55,3.08
201903,3.67,-5,-0.88,2.02,3.76,0.6,3.39,0.51,3.33,-1.36
201904,3.13,3.41,4.04,0.22,5.81,5.98,4.62,-3.16,1,6.67
201905,-5.62,-12.24,-9.17,-11.88,-8.54,-3,-6.05,-3.4,-1.55,-6.12
201906,4.91,13.12,9.2,8.83,8.01,5.15,7.17,6.82,3.64,6.59
201907,1.6,0.83,0.97,-2.64,3.63,2.05,1.02,-2.16,-1.01,1.77
201908,-1.42,-4.68,-1.68,-8.51,-2.59,0.29,0.12,-0.64,3.45,-4.63
201909,1.88,3.78,3.84,3.69,1.29,1.26,0.83,-0.98,3.94,1.91
201910,0.08,7.02,0.06,-2.08,3.28,2.19,0.67,4.66,-1.39,3.09
201911,2.27,2.91,3.26,1.12,5.27,2.47,2.11,5.48,-2.14,5.05
201912,3.48,5.4,1.34,6.24,3.84,1.04,1.35,3.45,4.12,2.36
202001,-0.43,6.15,-2.74,-11.87,3.37,-2.12,0.97,-1.99,4.83,-1.34
202002,-8.76,-7.25,-8.61,-15.43,-6.99,-6.22,-6.72,-5.37,-9.89,-9.87
202003,-10.87,-22.67,-16.91,-34.47,-9.77,-13.22,-7.91,-5.09,-13.05,-19.22
202004,7.75,25.49,10.86,32.31,14.92,9.21,18.24,13.45,5.18,11.45
202005,3.1,7.13,5.82,0.56,7.63,4.81,4.48,4.16,4.63,4.6
202006,-0.14,14.13,2.6,-0.39,5.73,-2.62,4.42,-1.44,-5.02,0.5
202007,5.87,18.68,4.56,-4.79,6.87,5.06,9.43,4.39,6.34,3.81
202008,4.45,40.99,6.17,-1.14,10.62,5.6,8.07,2.35,-2.25,6.79
202009,-2.08,-9.04,-0.14,-14.99,-5.24,-1.97,-3.86,-1.43,-0.32,-2.95
202010,-2.7,-3.25,-0.76,-4.46,-1.78,-3.89,-2.69,-4.37,4.47,-1.7
202011,10.02,33.9,13.96,28.53,10.72,14.47,8.3,9.83,2.66,15.88
202012,4.91,15.39,2.52,5.69,5.08,5.12,1.38,4.71,0.62,5.67
202101,-4.15,11.48,-2.32,5.05,0.56,-3.55,-0.06,3.42,-0.44,-2.72
202102,1.32,-8.08,5.53,23.62,1.36,4.26,-1.65,-1.25,-4.59,9.79
202103,7.28,0.87,7.71,2.28,0.87,1.63,5.73,-0.09,10.39,5.26
202104,3.32,4.4,2.44,0.75,6.42,3.08,7.03,2.96,3.98,5.7
202105,1.97,-5.33,2.77,6.2,-0.89,-0.51,-2.15,-0.12,-1.16,2.77
202106,-0.81,5.56,-1.01,5.53,6.77,-0.01,2.93,4.41,-1.42,-2.02
202107,0.23,-0.96,1.33,-8.66,3.6,0.36,0.25,2.84,2.97,-0.57
202108,-0.28,1.78,0.55,-1.16,4.64,1.37,2.41,2.84,3.23,2.7
202109,-4.58,2.8,-5.79,11.08,-6.14,-5.58,-4.38,-6.02,-4.87,-2.45
202110,3.74,30.78,4.99,10.27,8.14,-4.24,5.15,2.23,5.11,6.68
202111,-3.87,2.05,-0.69,-5.4,1.45,-7.19,1.47,-4.26,-1.97,-5.48
202112,8.07,-4.66,5.81,3.05,1.67,3.95,1.52,6.58,8.56,4.94
202201,-0.65,-10.31,-5.84,17.42,-8.43,-1.93,-8.83,-8.77,-2.1,-3.26
202202,-0.57,-7.07,-1.23,8.36,-4.52,0.29,-1.55,-1.01,-1.09,-1.72
202203,0.45,15.03,0.92,9.79,3.28,-2.42,2.98,5.15,9.69,1.09
202204,2.26,-16.9,-5.29,-1.28,-12.6,-10.56,-9.78,-6.91,-3.71,-9.13
202205,-1.63,-9.04,-0.37,15.57,-2.09,8.66,-4.1,0.96,4.8,0.62
202206,-3.89,-11.84,-9.45,-16.55,-8.13,-6.63,-7.73,-2.02,-6.54,-9.96
202207,4.13,27.65,8.33,10.47,11.67,-0.03,14.7,2.77,6.27,8.86
202208,-1.82,-5.79,-3.49,3.35,-5.37,-2.87,-3.11,-5.04,0.11,-2.52
202209,-8.37,-6.55,-11.54,-9.25,-11.49,-13.86,-7.63,-1.92,-11.61,-8.1
202210,9.96,-6.62,12.21,23.46,5.06,10.6,4.35,8.78,3.45,11.48
202211,5.31,-8.08,9.02,1.04,5.37,2.18,3.79,5.35,6.85,5.9
202212,-2.63,-28.07,-2.36,-4.24,-7.95,-6.82,-7.93,-1.72,-1.12,-5.36
202301,-0.37,29.04,5.92,2.75,9.58,13.56,9.75,-1.05,-1.22,7.52
202302,-2.17,10.98,-1.85,-6.9,-0.2,-6.5,-4.67,-4.29,-5.32,-2.44
202303,3.17,-0.64,0.37,-0.43,10.47,-0.1,3.39,2.49,3.95,-5
202304,3.17,-15.26,-0.59,2.58,0.24,0.99,2.24,4.12,1.72,1.8
202305,-5.42,13.55,-5.54,-9.51,8.55,-9.41,0.52,-3.66,-5.83,-2.84
202306,2.85,24.66,10.68,6.54,5.91,4.62,7.83,4.66,2.51,7.44
202307,2.3,2.76,3.19,7.46,4.22,0.95,2.26,-0.12,2.77,5.38
202308,-3.78,-4.35,-2.38,1.97,-1.64,0.16,-0.39,-0.23,-5.36,-3.37
202309,-4.6,-2.58,-7.07,3.14,-6.02,-3.2,-5.66,-4.7,-5.05,-3.41
202310,-3.69,-17.9,-2.7,-6.11,-1.77,-0.13,0.4,-4.59,1.02,-2.69
202311,4.94,15.77,8.69,-1.34,12.06,6.96,7.17,5.8,5.15,10.45
202312,3.57,6.59,6.33,0.17,4.62,2.25,5.9,6.91,1.73,6.62
202401,-1.94,-17.93,-1.16,-0.11,3.11,4.57,1.24,3.52,-3.01,0.99
202402,1.69,7.21,5.33,3.09,6.22,-2.72,9.48,4.63,2.39,4.65
202403,2.96,-5.59,4.48,10.29,2.36,3.09,2.68,2.19,7.04,4.49
202404,-1.36,-0.95,-3.93,-0.64,-4.41,-6.53,-4.73,-5.87,1.58,-4.56
202405,0.96,-0.78,3.12,-0.45,8.1,3.74,2.47,3.2,8.03,3.26
202406,-2.1,6.13,-1.9,-2.15,7.57,-0.6,3.53,2.93,-4.16,-0.13
202407,4.77,11.58,3.43,1.99,-1.75,3.85,0.54,0.83,6.39,6.2
202408,4.1,-5.13,1.63,-2.92,1.35,1.24,1.36,6.41,4.58,3.05
202409,0.98,14.27,2.5,-3.15,2.97,5.56,3.67,-1.84,5.34,0.68
202410,-2.59,-3.14,-4.02,-0.54,-0.22,2.37,-1.14,-3.15,0.69,1.1
202411,1.53,29.71,6.35,6.54,4.95,9.18,9.96,-0.51,6.21,10.18
202412,-5.04,11.01,-7.81,-8.98,1.43,-7.96,-1.87,-5.38,-7.78,-7.08
202501,0.66,0.43,3.82,1.43,0.27,1.37,6.73,6.35,2.92,6.31
202502,5.53,-22.8,-1.84,2.97,-3.95,9.4,-3.74,3.5,2.02,-0.56
202503,0.41,-9.99,-4.55,3.85,-9.15,-1.34,-7.36,-4.16,0.76,-4.34
202504,-0.6,5.89,-2.17,-14.03,1.12,-4.9,0.95,-0.66,-1.32,-1.53
202505,1.22,18.86,6.82,1.78,10.68,3.86,5.57,-3.95,3.43,4.3
202506,-0.74,-5.84,3.69,5.13,9.08,3.63,2.41,2.01,1.01,4.17
202507,-1.88,-1.15,2.13,3.53,5.65,-3.36,2.18,-1.28,3.37,-1.19
202508,3.05,8.04,1.36,4.41,0.96,3.8,0.82,4.73,-1.59,4.22
202509,-3.06,25.11,2.72,-0.75,7.08,-1.13,-1.15,2.03,3.98,0.28
202510,-3.35,2.56,2.76,-0.81,5.59,-5.85,1.74,4.28,0.44,-2.78
202511,5.26,-3.71,-0.29,2.37,-2.52,-1.45,0.28,10.86,2.9,1.74
202512,-0.86,4.39,1.47,-0.8,-0.63,3.71,-1.32,-1.53,-4.27,1.98
202601,7,-2.44,10.65,13.8,-0.84,3.4,5,0.52,2.86,-0.81
202602,7.11,-4.64,7.28,8.69,-4.9,4.04,-1.78,4.63,9.9,-0.89
202603,-8.05,-8.03,-9.61,12.85,-4.73,-2.61,-4.31,-7.23,-2.05,-4.93
202604,2.67,3.32,7.73,-4.15,17.77,-2.26,11.77,-2.06,2.05,6.94
